Domain,Receive Time,Serial #,Type,Threat/Content Type,Config Version,Generate Time,Source address,Destination address,NAT Source IP,NAT Destination IP,Rule,Source User,Destination User,Application,Virtual System,Source Zone,Destination Zone,Inbound Interface,Outbound Interface,Log Action,Time Logged,Session ID,Repeat Count,Source Port,Destination Port,NAT Source Port,NAT Destination Port,Flags,IP Protocol,Action,URL,Threat/Content Name,Category,Severity,Direction
1,2011/01/25 05:45:17,0004C100832,THREAT,vulnerability,2,2011/01/25 05:45:12,193.189.142.32,168.216.29.89,192.168.0.12,168.216.29.89,Dis_Web_Server_erisim,,,web-browsing,vsys1,DMZ,Internet,ethernet1/1,ethernet1/4,,2011/01/25 05:45:17,56500,1,80,4149,80,4149,0x40,tcp,alert,,HTTP Non RFC-Compliant Response Found(32880),any,informational,server-to-client
1,2011/01/25 06:00:17,0004C100832,THREAT,vulnerability,2,2011/01/25 06:00:12,193.189.142.31,88.202.62.1,192.168.0.10,88.202.62.1,Dis_Web_Server_erisim,,,web-browsing,vsys1,DMZ,Internet,ethernet1/1,ethernet1/4,,2011/01/25 06:00:17,99208,1,80,61633,80,61633,0x40,tcp,alert,,HTTP Non RFC-Compliant Response Found(32880),any,informational,server-to-client
1,2011/01/25 11:01:30,0004C100832,THREAT,vulnerability,2,2011/01/25 11:01:25,193.189.142.32,212.175.186.50,192.168.0.12,212.175.186.50,Dis_Web_Server_erisim,,,web-browsing,vsys1,DMZ,Internet,ethernet1/1,ethernet1/4,,2011/01/25 11:01:30,32952,11,80,49558,80,49558,0x40,tcp,alert,,HTTP Non RFC-Compliant Response Found(32880),any,informational,server-to-client
1,2011/01/25 11:01:30,0004C100832,THREAT,vulnerability,2,2011/01/25 11:01:25,193.189.142.32,78.189.29.71,192.168.0.12,78.189.29.71,Dis_Web_Server_erisim,,,web-browsing,vsys1,DMZ,Internet,ethernet1/1,ethernet1/4,,2011/01/25 11:01:30,36515,1,80,1758,80,1758,0x40,tcp,alert,,HTTP Non RFC-Compliant Response Found(32880),any,informational,server-to-client
1,2011/01/25 11:01:30,0004C100832,THREAT,vulnerability,2,2011/01/25 11:01:25,193.189.142.32,193.140.86.3,192.168.0.12,193.140.86.3,Dis_Web_Server_erisim,,,web-browsing,vsys1,DMZ,Internet,ethernet1/1,ethernet1/4,,2011/01/25 11:01:30,31066,2,80,20164,80,20164,0x40,tcp,alert,,HTTP Non RFC-Compliant Response Found(32880),any,informational,server-to-client
1,2011/01/25 11:01:30,0004C100832,THREAT,vulnerability,2,2011/01/25 11:01:25,193.189.142.32,78.182.89.185,192.168.0.12,78.182.89.185,Dis_Web_Server_erisim,,,web-browsing,vsys1,DMZ,Internet,ethernet1/1,ethernet1/4,,2011/01/25 11:01:30,22947,5,80,49895,80,49895,0x40,tcp,alert,,HTTP Non RFC-Compliant Response Found(32880),any,informational,server-to-client
1,2011/01/25 11:01:30,0004C100832,THREAT,vulnerability,2,2011/01/25 11:01:25,193.189.142.32,85.102.52.8,192.168.0.12,85.102.52.8,Dis_Web_Server_erisim,,,web-browsing,vsys1,DMZ,Internet,ethernet1/1,ethernet1/4,,2011/01/25 11:01:30,37616,2,80,12606,80,12606,0x40,tcp,alert,,HTTP Non RFC-Compliant Response Found(32880),any,informational,server-to-client
1,2011/01/25 11:01:30,0004C100832,THREAT,vulnerability,2,2011/01/25 11:01:25,193.189.142.32,82.222.21.131,192.168.0.12,82.222.21.131,Dis_Web_Server_erisim,,,web-browsing,vsys1,DMZ,Internet,ethernet1/1,ethernet1/4,,2011/01/25 11:01:30,46973,3,80,37966,80,37966,0x40,tcp,alert,,HTTP Non RFC-Compliant Response Found(32880),any,informational,server-to-client
1,2011/01/25 11:01:30,0004C100832,THREAT,vulnerability,2,2011/01/25 11:01:25,193.189.142.32,78.189.181.215,192.168.0.12,78.189.181.215,Dis_Web_Server_erisim,,,web-browsing,vsys1,DMZ,Internet,ethernet1/1,ethernet1/4,,2011/01/25 11:01:30,37766,23,80,62088,80,62088,0x40,tcp,alert,,HTTP Non RFC-Compliant Response Found(32880),any,informational,server-to-client
1,2011/01/25 11:01:30,0004C100832,THREAT,vulnerability,2,2011/01/25 11:01:25,193.189.142.32,78.167.79.188,192.168.0.12,78.167.79.188,Dis_Web_Server_erisim,,,web-browsing,vsys1,DMZ,Internet,ethernet1/1,ethernet1/4,,2011/01/25 11:01:30,26693,1,80,49309,80,49309,0x40,tcp,alert,,HTTP Non RFC-Compliant Response Found(32880),any,informational,server-to-client
1,2011/01/25 11:01:30,0004C100832,THREAT,vulnerability,2,2011/01/25 11:01:25,193.189.142.32,85.97.161.238,192.168.0.12,85.97.161.238,Dis_Web_Server_erisim,,,web-browsing,vsys1,DMZ,Internet,ethernet1/1,ethernet1/4,,2011/01/25 11:01:30,24418,3,80,4968,80,4968,0x40,tcp,alert,,HTTP Non RFC-Compliant Response Found(32880),any,informational,server-to-client
1,2011/01/25 11:01:30,0004C100832,THREAT,vulnerability,2,2011/01/25 11:01:25,193.189.142.32,85.96.147.13,192.168.0.12,85.96.147.13,Dis_Web_Server_erisim,,,web-browsing,vsys1,DMZ,Internet,ethernet1/1,ethernet1/4,,2011/01/25 11:01:30,22242,1,80,2576,80,2576,0x40,tcp,alert,,HTTP Non RFC-Compliant Response Found(32880),any,informational,server-to-client
1,2011/01/25 11:01:30,0004C100832,THREAT,vulnerability,2,2011/01/25 11:01:25,193.189.142.32,78.189.117.217,192.168.0.12,78.189.117.217,Dis_Web_Server_erisim,,,web-browsing,vsys1,DMZ,Internet,ethernet1/1,ethernet1/4,,2011/01/25 11:01:30,22166,2,80,2191,80,2191,0x40,tcp,alert,,HTTP Non RFC-Compliant Response Found(32880),any,informational,server-to-client
1,2011/01/25 11:01:30,0004C100832,THREAT,vulnerability,2,2011/01/25 11:01:25,193.189.142.32,78.188.23.180,192.168.0.12,78.188.23.180,Dis_Web_Server_erisim,,,web-browsing,vsys1,DMZ,Internet,ethernet1/1,ethernet1/4,,2011/01/25 11:01:30,37164,16,80,3150,80,3150,0x40,tcp,alert,,HTTP Non RFC-Compliant Response Found(32880),any,informational,server-to-client
1,2011/01/25 11:01:30,0004C100832,THREAT,vulnerability,2,2011/01/25 11:01:25,193.189.142.32,212.175.233.99,192.168.0.12,212.175.233.99,Dis_Web_Server_erisim,,,web-browsing,vsys1,DMZ,Internet,ethernet1/1,ethernet1/4,,2011/01/25 11:01:30,42389,7,80,63876,80,63876,0x40,tcp,alert,,HTTP Non RFC-Compliant Response Found(32880),any,informational,server-to-client
1,2011/01/25 11:01:30,0004C100832,THREAT,vulnerability,2,2011/01/25 11:01:25,193.189.142.32,95.9.42.80,192.168.0.12,95.9.42.80,Dis_Web_Server_erisim,,,web-browsing,vsys1,DMZ,Internet,ethernet1/1,ethernet1/4,,2011/01/25 11:01:30,1102,2,80,62924,80,62924,0x40,tcp,alert,,HTTP Non RFC-Compliant Response Found(32880),any,informational,server-to-client
1,2011/01/25 11:01:30,0004C100832,THREAT,vulnerability,2,2011/01/25 11:01:25,193.189.142.32,88.255.123.50,192.168.0.12,88.255.123.50,Dis_Web_Server_erisim,,,web-browsing,vsys1,DMZ,Internet,ethernet1/1,ethernet1/4,,2011/01/25 11:01:30,34872,3,80,19522,80,19522,0x40,tcp,alert,,HTTP Non RFC-Compliant Response Found(32880),any,informational,server-to-client
1,2011/01/25 11:01:30,0004C100832,THREAT,vulnerability,2,2011/01/25 11:01:25,193.189.142.32,92.45.29.242,192.168.0.12,92.45.29.242,Dis_Web_Server_erisim,,,web-browsing,vsys1,DMZ,Internet,ethernet1/1,ethernet1/4,,2011/01/25 11:01:30,2131,5,80,33730,80,33730,0x40,tcp,alert,,HTTP Non RFC-Compliant Response Found(32880),any,informational,server-to-client
1,2011/01/25 11:01:30,0004C100832,THREAT,vulnerability,2,2011/01/25 11:01:25,193.189.142.32,213.243.5.7,192.168.0.12,213.243.5.7,Dis_Web_Server_erisim,,,web-browsing,vsys1,DMZ,Internet,ethernet1/1,ethernet1/4,,2011/01/25 11:01:30,39426,7,80,47157,80,47157,0x40,tcp,alert,,HTTP Non RFC-Compliant Response Found(32880),any,informational,server-to-client
1,2011/01/25 11:01:30,0004C100832,THREAT,vulnerability,2,2011/01/25 11:01:25,193.189.142.32,85.108.107.195,192.168.0.12,85.108.107.195,Dis_Web_Server_erisim,,,web-browsing,vsys1,DMZ,Internet,ethernet1/1,ethernet1/4,,2011/01/25 11:01:30,43234,2,80,55451,80,55451,0x40,tcp,alert,,HTTP Non RFC-Compliant Response Found(32880),any,informational,server-to-client
1,2011/01/25 11:01:30,0004C100832,THREAT,vulnerability,2,2011/01/25 11:01:25,193.189.142.32,95.9.137.103,192.168.0.12,95.9.137.103,Dis_Web_Server_erisim,,,web-browsing,vsys1,DMZ,Internet,ethernet1/1,ethernet1/4,,2011/01/25 11:01:30,18998,38,80,11170,80,11170,0x40,tcp,alert,,HTTP Non RFC-Compliant Response Found(32880),any,informational,server-to-client
1,2011/01/25 11:01:30,0004C100832,THREAT,vulnerability,2,2011/01/25 11:01:25,193.189.142.32,78.188.19.139,192.168.0.12,78.188.19.139,Dis_Web_Server_erisim,,,web-browsing,vsys1,DMZ,Internet,ethernet1/1,ethernet1/4,,2011/01/25 11:01:30,42825,1,80,12443,80,12443,0x40,tcp,alert,,HTTP Non RFC-Compliant Response Found(32880),any,informational,server-to-client
1,2011/01/25 11:01:30,0004C100832,THREAT,vulnerability,2,2011/01/25 11:01:25,193.189.142.32,78.182.199.209,192.168.0.12,78.182.199.209,Dis_Web_Server_erisim,,,web-browsing,vsys1,DMZ,Internet,ethernet1/1,ethernet1/4,,2011/01/25 11:01:30,24426,2,80,50461,80,50461,0x40,tcp,alert,,HTTP Non RFC-Compliant Response Found(32880),any,informational,server-to-client
1,2011/01/25 11:01:30,0004C100832,THREAT,vulnerability,2,2011/01/25 11:01:25,193.189.142.32,88.239.234.12,192.168.0.12,88.239.234.12,Dis_Web_Server_erisim,,,web-browsing,vsys1,DMZ,Internet,ethernet1/1,ethernet1/4,,2011/01/25 11:01:30,28954,1,80,18779,80,18779,0x40,tcp,alert,,HTTP Non RFC-Compliant Response Found(32880),any,informational,server-to-client
1,2011/01/25 11:01:30,0004C100832,THREAT,vulnerability,2,2011/01/25 11:01:25,193.189.142.32,95.0.165.30,192.168.0.12,95.0.165.30,Dis_Web_Server_erisim,,,web-browsing,vsys1,DMZ,Internet,ethernet1/1,ethernet1/4,,2011/01/25 11:01:30,34488,5,80,50543,80,50543,0x40,tcp,alert,,HTTP Non RFC-Compliant Response Found(32880),any,informational,server-to-client
1,2011/01/25 11:01:30,0004C100832,THREAT,vulnerability,2,2011/01/25 11:01:25,193.189.142.32,78.184.255.86,192.168.0.12,78.184.255.86,Dis_Web_Server_erisim,,,web-browsing,vsys1,DMZ,Internet,ethernet1/1,ethernet1/4,,2011/01/25 11:01:30,36785,2,80,61364,80,61364,0x40,tcp,alert,,HTTP Non RFC-Compliant Response Found(32880),any,informational,server-to-client
1,2011/01/25 11:01:30,0004C100832,THREAT,vulnerability,2,2011/01/25 11:01:25,193.189.142.32,78.189.33.47,192.168.0.12,78.189.33.47,Dis_Web_Server_erisim,,,web-browsing,vsys1,DMZ,Internet,ethernet1/1,ethernet1/4,,2011/01/25 11:01:30,24103,3,80,1522,80,1522,0x40,tcp,alert,,HTTP Non RFC-Compliant Response Found(32880),any,informational,server-to-client
1,2011/01/25 11:01:30,0004C100832,THREAT,vulnerability,2,2011/01/25 11:01:25,193.189.142.32,85.100.101.239,192.168.0.12,85.100.101.239,Dis_Web_Server_erisim,,,web-browsing,vsys1,DMZ,Internet,ethernet1/1,ethernet1/4,,2011/01/25 11:01:30,16210,1,80,1688,80,1688,0x40,tcp,alert,,HTTP Non RFC-Compliant Response Found(32880),any,informational,server-to-client
1,2011/01/25 11:01:30,0004C100832,THREAT,vulnerability,2,2011/01/25 11:01:25,193.189.142.32,78.173.74.127,192.168.0.12,78.173.74.127,Dis_Web_Server_erisim,,,web-browsing,vsys1,DMZ,Internet,ethernet1/1,ethernet1/4,,2011/01/25 11:01:30,38737,4,80,57784,80,57784,0x40,tcp,alert,,HTTP Non RFC-Compliant Response Found(32880),any,informational,server-to-client
1,2011/01/25 11:01:30,0004C100832,THREAT,vulnerability,2,2011/01/25 11:01:25,193.189.142.32,88.225.216.95,192.168.0.12,88.225.216.95,Dis_Web_Server_erisim,,,web-browsing,vsys1,DMZ,Internet,ethernet1/1,ethernet1/4,,2011/01/25 11:01:30,39286,2,80,3218,80,3218,0x40,tcp,alert,,HTTP Non RFC-Compliant Response Found(32880),any,informational,server-to-client
1,2011/01/25 11:01:30,0004C100832,THREAT,vulnerability,2,2011/01/25 11:01:25,193.189.142.32,85.96.89.230,192.168.0.12,85.96.89.230,Dis_Web_Server_erisim,,,web-browsing,vsys1,DMZ,Internet,ethernet1/1,ethernet1/4,,2011/01/25 11:01:30,37686,2,80,1585,80,1585,0x40,tcp,alert,,HTTP Non RFC-Compliant Response Found(32880),any,informational,server-to-client
1,2011/01/25 11:01:30,0004C100832,THREAT,vulnerability,2,2011/01/25 11:01:25,193.189.142.32,88.234.39.158,192.168.0.12,88.234.39.158,Dis_Web_Server_erisim,,,web-browsing,vsys1,DMZ,Internet,ethernet1/1,ethernet1/4,,2011/01/25 11:01:30,41289,1,80,49401,80,49401,0x40,tcp,alert,,HTTP Non RFC-Compliant Response Found(32880),any,informational,server-to-client
1,2011/01/25 11:01:30,0004C100832,THREAT,vulnerability,2,2011/01/25 11:01:25,193.189.142.32,65.213.243.130,192.168.0.12,65.213.243.130,Dis_Web_Server_erisim,,,web-browsing,vsys1,DMZ,Internet,ethernet1/1,ethernet1/4,,2011/01/25 11:01:30,31326,1,80,38138,80,38138,0x40,tcp,alert,,HTTP Non RFC-Compliant Response Found(32880),any,informational,server-to-client
1,2011/01/25 11:01:30,0004C100832,THREAT,vulnerability,2,2011/01/25 11:01:25,193.189.142.32,212.175.131.193,192.168.0.12,212.175.131.193,Dis_Web_Server_erisim,,,web-browsing,vsys1,DMZ,Internet,ethernet1/1,ethernet1/4,,2011/01/25 11:01:30,23344,4,80,64655,80,64655,0x40,tcp,alert,,HTTP Non RFC-Compliant Response Found(32880),any,informational,server-to-client
1,2011/01/25 11:01:30,0004C100832,THREAT,vulnerability,2,2011/01/25 11:01:25,193.189.142.32,78.191.73.226,192.168.0.12,78.191.73.226,Dis_Web_Server_erisim,,,web-browsing,vsys1,DMZ,Internet,ethernet1/1,ethernet1/4,,2011/01/25 11:01:30,45846,1,80,1352,80,1352,0x40,tcp,alert,,HTTP Non RFC-Compliant Response Found(32880),any,informational,server-to-client
1,2011/01/25 11:01:30,0004C100832,THREAT,vulnerability,2,2011/01/25 11:01:25,193.189.142.32,85.96.53.250,192.168.0.12,85.96.53.250,Dis_Web_Server_erisim,,,web-browsing,vsys1,DMZ,Internet,ethernet1/1,ethernet1/4,,2011/01/25 11:01:30,35083,1,80,24267,80,24267,0x40,tcp,alert,,HTTP Non RFC-Compliant Response Found(32880),any,informational,server-to-client
1,2011/01/25 11:01:30,0004C100832,THREAT,vulnerability,2,2011/01/25 11:01:25,193.189.142.32,85.103.218.148,192.168.0.12,85.103.218.148,Dis_Web_Server_erisim,,,web-browsing,vsys1,DMZ,Internet,ethernet1/1,ethernet1/4,,2011/01/25 11:01:30,33226,2,80,2333,80,2333,0x40,tcp,alert,,HTTP Non RFC-Compliant Response Found(32880),any,informational,server-to-client
1,2011/01/25 11:01:30,0004C100832,THREAT,vulnerability,2,2011/01/25 11:01:25,193.189.142.32,88.247.17.15,192.168.0.12,88.247.17.15,Dis_Web_Server_erisim,,,web-browsing,vsys1,DMZ,Internet,ethernet1/1,ethernet1/4,,2011/01/25 11:01:30,20552,2,80,50989,80,50989,0x40,tcp,alert,,HTTP Non RFC-Compliant Response Found(32880),any,informational,server-to-client
1,2011/01/25 11:01:30,0004C100832,THREAT,vulnerability,2,2011/01/25 11:01:25,193.189.142.32,85.105.155.239,192.168.0.12,85.105.155.239,Dis_Web_Server_erisim,,,web-browsing,vsys1,DMZ,Internet,ethernet1/1,ethernet1/4,,2011/01/25 11:01:30,43050,2,80,27009,80,27009,0x40,tcp,alert,,HTTP Non RFC-Compliant Response Found(32880),any,informational,server-to-client
1,2011/01/25 11:01:30,0004C100832,THREAT,vulnerability,2,2011/01/25 11:01:25,193.189.142.32,88.254.138.94,192.168.0.12,88.254.138.94,Dis_Web_Server_erisim,,,web-browsing,vsys1,DMZ,Internet,ethernet1/1,ethernet1/4,,2011/01/25 11:01:30,35738,2,80,1946,80,1946,0x40,tcp,alert,,HTTP Non RFC-Compliant Response Found(32880),any,informational,server-to-client
1,2011/01/25 11:01:30,0004C100832,THREAT,vulnerability,2,2011/01/25 11:01:25,193.189.142.32,82.137.201.151,192.168.0.12,82.137.201.151,Dis_Web_Server_erisim,,,web-browsing,vsys1,DMZ,Internet,ethernet1/1,ethernet1/4,,2011/01/25 11:01:30,21450,4,80,49170,80,49170,0x40,tcp,alert,,HTTP Non RFC-Compliant Response Found(32880),any,informational,server-to-client
1,2011/01/25 11:01:30,0004C100832,THREAT,vulnerability,2,2011/01/25 11:01:25,193.189.142.32,85.103.194.169,192.168.0.12,85.103.194.169,Dis_Web_Server_erisim,,,web-browsing,vsys1,DMZ,Internet,ethernet1/1,ethernet1/4,,2011/01/25 11:01:30,42806,2,80,1346,80,1346,0x40,tcp,alert,,HTTP Non RFC-Compliant Response Found(32880),any,informational,server-to-client
1,2011/01/25 11:01:30,0004C100832,THREAT,vulnerability,2,2011/01/25 11:01:25,193.189.142.32,88.235.42.99,192.168.0.12,88.235.42.99,Dis_Web_Server_erisim,,,web-browsing,vsys1,DMZ,Internet,ethernet1/1,ethernet1/4,,2011/01/25 11:01:30,43554,2,80,2024,80,2024,0x40,tcp,alert,,HTTP Non RFC-Compliant Response Found(32880),any,informational,server-to-client
1,2011/01/25 11:01:30,0004C100832,THREAT,vulnerability,2,2011/01/25 11:01:25,193.189.142.32,78.176.87.246,192.168.0.12,78.176.87.246,Dis_Web_Server_erisim,,,web-browsing,vsys1,DMZ,Internet,ethernet1/1,ethernet1/4,,2011/01/25 11:01:30,36322,1,80,1936,80,1936,0x40,tcp,alert,,HTTP Non RFC-Compliant Response Found(32880),any,informational,server-to-client
1,2011/01/25 11:01:30,0004C100832,THREAT,vulnerability,2,2011/01/25 11:01:25,193.189.142.32,85.97.67.43,192.168.0.12,85.97.67.43,Dis_Web_Server_erisim,,,web-browsing,vsys1,DMZ,Internet,ethernet1/1,ethernet1/4,,2011/01/25 11:01:30,24251,2,80,1715,80,1715,0x40,tcp,alert,,HTTP Non RFC-Compliant Response Found(32880),any,informational,server-to-client
1,2011/01/25 11:01:30,0004C100832,THREAT,vulnerability,2,2011/01/25 11:01:25,193.189.142.32,85.99.70.78,192.168.0.12,85.99.70.78,Dis_Web_Server_erisim,,,web-browsing,vsys1,DMZ,Internet,ethernet1/1,ethernet1/4,,2011/01/25 11:01:30,42198,1,80,1361,80,1361,0x40,tcp,alert,,HTTP Non RFC-Compliant Response Found(32880),any,informational,server-to-client
1,2011/01/25 11:01:30,0004C100832,THREAT,vulnerability,2,2011/01/25 11:01:25,193.189.142.32,95.14.78.122,192.168.0.12,95.14.78.122,Dis_Web_Server_erisim,,,web-browsing,vsys1,DMZ,Internet,ethernet1/1,ethernet1/4,,2011/01/25 11:01:30,16500,1,80,1812,80,1812,0x40,tcp,alert,,HTTP Non RFC-Compliant Response Found(32880),any,informational,server-to-client
1,2011/01/25 11:01:30,0004C100832,THREAT,vulnerability,2,2011/01/25 11:01:25,193.189.142.32,78.164.164.51,192.168.0.12,78.164.164.51,Dis_Web_Server_erisim,,,web-browsing,vsys1,DMZ,Internet,ethernet1/1,ethernet1/4,,2011/01/25 11:01:30,28562,1,80,3526,80,3526,0x40,tcp,alert,,HTTP Non RFC-Compliant Response Found(32880),any,informational,server-to-client
1,2011/01/25 11:01:30,0004C100832,THREAT,vulnerability,2,2011/01/25 11:01:25,193.189.142.32,193.192.125.196,192.168.0.12,193.192.125.196,Dis_Web_Server_erisim,,,web-browsing,vsys1,DMZ,Internet,ethernet1/1,ethernet1/4,,2011/01/25 11:01:30,32222,1,80,27310,80,27310,0x40,tcp,alert,,HTTP Non RFC-Compliant Response Found(32880),any,informational,server-to-client
1,2011/01/25 11:01:30,0004C100832,THREAT,vulnerability,2,2011/01/25 11:01:25,193.189.142.32,88.244.171.255,192.168.0.12,88.244.171.255,Dis_Web_Server_erisim,,,web-browsing,vsys1,DMZ,Internet,ethernet1/1,ethernet1/4,,2011/01/25 11:01:30,27271,2,80,2171,80,2171,0x40,tcp,alert,,HTTP Non RFC-Compliant Response Found(32880),any,informational,server-to-client
1,2011/01/25 11:01:30,0004C100832,THREAT,vulnerability,2,2011/01/25 11:01:25,193.189.142.32,78.163.101.208,192.168.0.12,78.163.101.208,Dis_Web_Server_erisim,,,web-browsing,vsys1,DMZ,Internet,ethernet1/1,ethernet1/4,,2011/01/25 11:01:30,35484,1,80,14292,80,14292,0x40,tcp,alert,,HTTP Non RFC-Compliant Response Found(32880),any,informational,server-to-client
1,2011/01/25 11:01:30,0004C100832,THREAT,vulnerability,2,2011/01/25 11:01:25,193.189.142.32,94.55.130.236,192.168.0.12,94.55.130.236,Dis_Web_Server_erisim,,,web-browsing,vsys1,DMZ,Internet,ethernet1/1,ethernet1/4,,2011/01/25 11:01:30,41612,1,80,55376,80,55376,0x40,tcp,alert,,HTTP Non RFC-Compliant Response Found(32880),any,informational,server-to-client
1,2011/01/25 11:01:30,0004C100832,THREAT,vulnerability,2,2011/01/25 11:01:25,193.189.142.32,78.173.182.249,192.168.0.12,78.173.182.249,Dis_Web_Server_erisim,,,web-browsing,vsys1,DMZ,Internet,ethernet1/1,ethernet1/4,,2011/01/25 11:01:30,39690,1,80,12124,80,12124,0x40,tcp,alert,,HTTP Non RFC-Compliant Response Found(32880),any,informational,server-to-client
1,2011/01/25 11:01:30,0004C100832,THREAT,vulnerability,2,2011/01/25 11:01:25,193.189.142.32,62.215.5.66,192.168.0.12,62.215.5.66,Dis_Web_Server_erisim,,,web-browsing,vsys1,DMZ,Internet,ethernet1/1,ethernet1/4,,2011/01/25 11:01:30,24071,1,80,25478,80,25478,0x40,tcp,alert,,HTTP Non RFC-Compliant Response Found(32880),any,informational,server-to-client
1,2011/01/25 11:01:30,0004C100832,THREAT,vulnerability,2,2011/01/25 11:01:25,193.189.142.32,85.96.21.214,192.168.0.12,85.96.21.214,Dis_Web_Server_erisim,,,web-browsing,vsys1,DMZ,Internet,ethernet1/1,ethernet1/4,,2011/01/25 11:01:30,43556,1,80,53360,80,53360,0x40,tcp,alert,,HTTP Non RFC-Compliant Response Found(32880),any,informational,server-to-client
1,2011/01/25 11:01:30,0004C100832,THREAT,vulnerability,2,2011/01/25 11:01:25,193.189.142.32,88.243.216.124,192.168.0.12,88.243.216.124,Dis_Web_Server_erisim,,,web-browsing,vsys1,DMZ,Internet,ethernet1/1,ethernet1/4,,2011/01/25 11:01:30,40757,1,80,21734,80,21734,0x40,tcp,alert,,HTTP Non RFC-Compliant Response Found(32880),any,informational,server-to-client
1,2011/01/25 11:01:30,0004C100832,THREAT,vulnerability,2,2011/01/25 11:01:25,193.189.142.32,81.213.143.211,192.168.0.12,81.213.143.211,Dis_Web_Server_erisim,,,web-browsing,vsys1,DMZ,Internet,ethernet1/1,ethernet1/4,,2011/01/25 11:01:30,26119,2,80,50532,80,50532,0x40,tcp,alert,,HTTP Non RFC-Compliant Response Found(32880),any,informational,server-to-client
1,2011/01/25 11:01:30,0004C100832,THREAT,vulnerability,2,2011/01/25 11:01:25,193.189.142.32,95.15.125.3,192.168.0.12,95.15.125.3,Dis_Web_Server_erisim,,,web-browsing,vsys1,DMZ,Internet,ethernet1/1,ethernet1/4,,2011/01/25 11:01:30,41250,3,80,2214,80,2214,0x40,tcp,alert,,HTTP Non RFC-Compliant Response Found(32880),any,informational,server-to-client
1,2011/01/25 11:01:30,0004C100832,THREAT,vulnerability,2,2011/01/25 11:01:25,193.189.142.32,88.225.211.156,192.168.0.12,88.225.211.156,Dis_Web_Server_erisim,,,web-browsing,vsys1,DMZ,Internet,ethernet1/1,ethernet1/4,,2011/01/25 11:01:30,28391,2,80,49941,80,49941,0x40,tcp,alert,,HTTP Non RFC-Compliant Response Found(32880),any,informational,server-to-client
1,2011/01/25 11:01:30,0004C100832,THREAT,vulnerability,2,2011/01/25 11:01:25,193.189.142.32,78.186.205.7,192.168.0.12,78.186.205.7,Dis_Web_Server_erisim,,,web-browsing,vsys1,DMZ,Internet,ethernet1/1,ethernet1/4,,2011/01/25 11:01:30,49032,2,80,2571,80,2571,0x40,tcp,alert,,HTTP Non RFC-Compliant Response Found(32880),any,informational,server-to-client
1,2011/01/25 11:01:30,0004C100832,THREAT,vulnerability,2,2011/01/25 11:01:25,193.189.142.32,88.250.114.180,192.168.0.12,88.250.114.180,Dis_Web_Server_erisim,,,web-browsing,vsys1,DMZ,Internet,ethernet1/1,ethernet1/4,,2011/01/25 11:01:30,43669,3,80,1995,80,1995,0x40,tcp,alert,,HTTP Non RFC-Compliant Response Found(32880),any,informational,server-to-client
1,2011/01/25 11:01:30,0004C100832,THREAT,vulnerability,2,2011/01/25 11:01:25,193.189.142.32,88.228.65.221,192.168.0.12,88.228.65.221,Dis_Web_Server_erisim,,,web-browsing,vsys1,DMZ,Internet,ethernet1/1,ethernet1/4,,2011/01/25 11:01:30,30880,1,80,1968,80,1968,0x40,tcp,alert,,HTTP Non RFC-Compliant Response Found(32880),any,informational,server-to-client
1,2011/01/25 11:01:30,0004C100832,THREAT,vulnerability,2,2011/01/25 11:01:25,193.189.142.32,78.189.29.242,192.168.0.12,78.189.29.242,Dis_Web_Server_erisim,,,web-browsing,vsys1,DMZ,Internet,ethernet1/1,ethernet1/4,,2011/01/25 11:01:30,36890,1,80,17068,80,17068,0x40,tcp,alert,,HTTP Non RFC-Compliant Response Found(32880),any,informational,server-to-client
1,2011/01/25 11:01:30,0004C100832,THREAT,vulnerability,2,2011/01/25 11:01:25,193.189.142.32,78.185.97.121,192.168.0.12,78.185.97.121,Dis_Web_Server_erisim,,,web-browsing,vsys1,DMZ,Internet,ethernet1/1,ethernet1/4,,2011/01/25 11:01:30,30339,1,80,49402,80,49402,0x40,tcp,alert,,HTTP Non RFC-Compliant Response Found(32880),any,informational,server-to-client
1,2011/01/25 11:01:30,0004C100832,THREAT,vulnerability,2,2011/01/25 11:01:25,193.189.142.32,78.163.65.196,192.168.0.12,78.163.65.196,Dis_Web_Server_erisim,,,web-browsing,vsys1,DMZ,Internet,ethernet1/1,ethernet1/4,,2011/01/25 11:01:30,39636,1,80,2642,80,2642,0x40,tcp,alert,,HTTP Non RFC-Compliant Response Found(32880),any,informational,server-to-client
1,2011/01/25 11:01:30,0004C100832,THREAT,vulnerability,2,2011/01/25 11:01:25,193.189.142.32,190.120.224.77,192.168.0.12,190.120.224.77,Dis_Web_Server_erisim,,,web-browsing,vsys1,DMZ,Internet,ethernet1/1,ethernet1/4,,2011/01/25 11:01:30,38087,1,80,32996,80,32996,0x40,tcp,alert,,HTTP Non RFC-Compliant Response Found(32880),any,informational,server-to-client
1,2011/01/25 11:01:30,0004C100832,THREAT,vulnerability,2,2011/01/25 11:01:25,193.189.142.32,85.105.125.110,192.168.0.12,85.105.125.110,Dis_Web_Server_erisim,,,web-browsing,vsys1,DMZ,Internet,ethernet1/1,ethernet1/4,,2011/01/25 11:01:30,26629,1,80,4427,80,4427,0x40,tcp,alert,,HTTP Non RFC-Compliant Response Found(32880),any,informational,server-to-client
1,2011/01/25 11:01:30,0004C100832,THREAT,vulnerability,2,2011/01/25 11:01:25,193.189.142.32,95.173.243.32,192.168.0.12,95.173.243.32,Dis_Web_Server_erisim,,,web-browsing,vsys1,DMZ,Internet,ethernet1/1,ethernet1/4,,2011/01/25 11:01:30,26287,1,80,3194,80,3194,0x40,tcp,alert,,HTTP Non RFC-Compliant Response Found(32880),any,informational,server-to-client
1,2011/01/25 11:01:30,0004C100832,THREAT,vulnerability,2,2011/01/25 11:01:25,193.189.142.32,78.170.170.196,192.168.0.12,78.170.170.196,Dis_Web_Server_erisim,,,web-browsing,vsys1,DMZ,Internet,ethernet1/1,ethernet1/4,,2011/01/25 11:01:30,34085,1,80,3200,80,3200,0x40,tcp,alert,,HTTP Non RFC-Compliant Response Found(32880),any,informational,server-to-client
1,2011/01/25 11:01:30,0004C100832,THREAT,vulnerability,2,2011/01/25 11:01:25,193.189.142.32,92.45.73.18,192.168.0.12,92.45.73.18,Dis_Web_Server_erisim,,,web-browsing,vsys1,DMZ,Internet,ethernet1/1,ethernet1/4,,2011/01/25 11:01:30,24615,1,80,44320,80,44320,0x40,tcp,alert,,HTTP Non RFC-Compliant Response Found(32880),any,informational,server-to-client
1,2011/01/25 11:01:30,0004C100832,THREAT,vulnerability,2,2011/01/25 11:01:25,193.189.142.32,78.188.102.218,192.168.0.12,78.188.102.218,Dis_Web_Server_erisim,,,web-browsing,vsys1,DMZ,Internet,ethernet1/1,ethernet1/4,,2011/01/25 11:01:30,18549,1,80,1504,80,1504,0x40,tcp,alert,,HTTP Non RFC-Compliant Response Found(32880),any,informational,server-to-client
1,2011/01/25 11:01:30,0004C100832,THREAT,vulnerability,2,2011/01/25 11:01:25,193.189.142.32,212.156.187.42,192.168.0.12,212.156.187.42,Dis_Web_Server_erisim,,,web-browsing,vsys1,DMZ,Internet,ethernet1/1,ethernet1/4,,2011/01/25 11:01:30,18536,1,80,1593,80,1593,0x40,tcp,alert,,HTTP Non RFC-Compliant Response Found(32880),any,informational,server-to-client
1,2011/01/25 11:01:30,0004C100832,THREAT,vulnerability,2,2011/01/25 11:01:25,193.189.142.32,88.231.89.59,192.168.0.12,88.231.89.59,Dis_Web_Server_erisim,,,web-browsing,vsys1,DMZ,Internet,ethernet1/1,ethernet1/4,,2011/01/25 11:01:30,42437,1,80,49444,80,49444,0x40,tcp,alert,,HTTP Non RFC-Compliant Response Found(32880),any,informational,server-to-client
1,2011/01/25 11:01:30,0004C100832,THREAT,vulnerability,2,2011/01/25 11:01:25,193.189.142.32,188.3.48.40,192.168.0.12,188.3.48.40,Dis_Web_Server_erisim,,,web-browsing,vsys1,DMZ,Internet,ethernet1/1,ethernet1/4,,2011/01/25 11:01:30,14568,1,80,54973,80,54973,0x40,tcp,alert,,HTTP Non RFC-Compliant Response Found(32880),any,informational,server-to-client
1,2011/01/25 11:01:30,0004C100832,THREAT,vulnerability,2,2011/01/25 11:01:25,193.189.142.32,78.189.102.14,192.168.0.12,78.189.102.14,Dis_Web_Server_erisim,,,web-browsing,vsys1,DMZ,Internet,ethernet1/1,ethernet1/4,,2011/01/25 11:01:30,51834,2,80,49183,80,49183,0x40,tcp,alert,,HTTP Non RFC-Compliant Response Found(32880),any,informational,server-to-client
1,2011/01/25 11:01:30,0004C100832,THREAT,vulnerability,2,2011/01/25 11:01:25,193.189.142.32,85.99.246.209,192.168.0.12,85.99.246.209,Dis_Web_Server_erisim,,,web-browsing,vsys1,DMZ,Internet,ethernet1/1,ethernet1/4,,2011/01/25 11:01:30,37602,1,80,16183,80,16183,0x40,tcp,alert,,HTTP Non RFC-Compliant Response Found(32880),any,informational,server-to-client
1,2011/01/25 11:01:30,0004C100832,THREAT,vulnerability,2,2011/01/25 11:01:25,193.189.142.32,81.214.28.46,192.168.0.12,81.214.28.46,Dis_Web_Server_erisim,,,web-browsing,vsys1,DMZ,Internet,ethernet1/1,ethernet1/4,,2011/01/25 11:01:30,42927,1,80,4310,80,4310,0x40,tcp,alert,,HTTP Non RFC-Compliant Response Found(32880),any,informational,server-to-client
1,2011/01/25 11:01:30,0004C100832,THREAT,vulnerability,2,2011/01/25 11:01:25,193.189.142.32,85.104.222.66,192.168.0.12,85.104.222.66,Dis_Web_Server_erisim,,,web-browsing,vsys1,DMZ,Internet,ethernet1/1,ethernet1/4,,2011/01/25 11:01:30,37384,1,80,1444,80,1444,0x40,tcp,alert,,HTTP Non RFC-Compliant Response Found(32880),any,informational,server-to-client
1,2011/01/25 11:01:30,0004C100832,THREAT,vulnerability,2,2011/01/25 11:01:25,193.189.142.32,88.234.105.235,192.168.0.12,88.234.105.235,Dis_Web_Server_erisim,,,web-browsing,vsys1,DMZ,Internet,ethernet1/1,ethernet1/4,,2011/01/25 11:01:30,40970,1,80,49669,80,49669,0x40,tcp,alert,,HTTP Non RFC-Compliant Response Found(32880),any,informational,server-to-client
1,2011/01/25 11:01:30,0004C100832,THREAT,vulnerability,2,2011/01/25 11:01:25,193.189.142.32,88.247.38.236,192.168.0.12,88.247.38.236,Dis_Web_Server_erisim,,,web-browsing,vsys1,DMZ,Internet,ethernet1/1,ethernet1/4,,2011/01/25 11:01:30,38042,1,80,1282,80,1282,0x40,tcp,alert,,HTTP Non RFC-Compliant Response Found(32880),any,informational,server-to-client
1,2011/01/25 11:01:30,0004C100832,THREAT,vulnerability,2,2011/01/25 11:01:25,193.189.142.32,94.55.196.13,192.168.0.12,94.55.196.13,Dis_Web_Server_erisim,,,web-browsing,vsys1,DMZ,Internet,ethernet1/1,ethernet1/4,,2011/01/25 11:01:30,69898,1,80,49172,80,49172,0x40,tcp,alert,,HTTP Non RFC-Compliant Response Found(32880),any,informational,server-to-client
1,2011/01/25 11:01:30,0004C100832,THREAT,vulnerability,2,2011/01/25 11:01:25,193.189.142.32,85.103.161.186,192.168.0.12,85.103.161.186,Dis_Web_Server_erisim,,,web-browsing,vsys1,DMZ,Internet,ethernet1/1,ethernet1/4,,2011/01/25 11:01:30,28909,1,80,50353,80,50353,0x40,tcp,alert,,HTTP Non RFC-Compliant Response Found(32880),any,informational,server-to-client
1,2011/01/25 11:01:30,0004C100832,THREAT,vulnerability,2,2011/01/25 11:01:25,193.189.142.32,86.108.207.99,192.168.0.12,86.108.207.99,Dis_Web_Server_erisim,,,web-browsing,vsys1,DMZ,Internet,ethernet1/1,ethernet1/4,,2011/01/25 11:01:30,40106,1,80,49853,80,49853,0x40,tcp,alert,,HTTP Non RFC-Compliant Response Found(32880),any,informational,server-to-client
1,2011/01/25 11:01:30,0004C100832,THREAT,vulnerability,2,2011/01/25 11:01:25,193.189.142.32,58.251.80.6,192.168.0.12,58.251.80.6,Dis_Web_Server_erisim,,,web-browsing,vsys1,DMZ,Internet,ethernet1/1,ethernet1/4,,2011/01/25 11:01:30,32819,1,80,4621,80,4621,0x40,tcp,alert,,HTTP Non RFC-Compliant Response Found(32880),any,informational,server-to-client
1,2011/01/25 11:01:30,0004C100832,THREAT,vulnerability,2,2011/01/25 11:01:25,193.189.142.32,78.188.54.39,192.168.0.12,78.188.54.39,Dis_Web_Server_erisim,,,web-browsing,vsys1,DMZ,Internet,ethernet1/1,ethernet1/4,,2011/01/25 11:01:30,14079,1,80,64366,80,64366,0x40,tcp,alert,,HTTP Non RFC-Compliant Response Found(32880),any,informational,server-to-client
1,2011/01/25 11:01:30,0004C100832,THREAT,vulnerability,2,2011/01/25 11:01:25,193.189.142.32,78.178.60.12,192.168.0.12,78.178.60.12,Dis_Web_Server_erisim,,,web-browsing,vsys1,DMZ,Internet,ethernet1/1,ethernet1/4,,2011/01/25 11:01:30,38884,1,80,1301,80,1301,0x40,tcp,alert,,HTTP Non RFC-Compliant Response Found(32880),any,informational,server-to-client
1,2011/01/25 11:01:30,0004C100832,THREAT,vulnerability,2,2011/01/25 11:01:25,193.189.142.32,85.97.119.132,192.168.0.12,85.97.119.132,Dis_Web_Server_erisim,,,web-browsing,vsys1,DMZ,Internet,ethernet1/1,ethernet1/4,,2011/01/25 11:01:30,36211,1,80,2428,80,2428,0x40,tcp,alert,,HTTP Non RFC-Compliant Response Found(32880),any,informational,server-to-client
1,2011/01/25 11:01:30,0004C100832,THREAT,vulnerability,2,2011/01/25 11:01:25,193.189.142.32,212.252.212.252,192.168.0.12,212.252.212.252,Dis_Web_Server_erisim,,,web-browsing,vsys1,DMZ,Internet,ethernet1/1,ethernet1/4,,2011/01/25 11:01:30,27304,1,80,29472,80,29472,0x40,tcp,alert,,HTTP Non RFC-Compliant Response Found(32880),any,informational,server-to-client
1,2011/01/25 11:01:30,0004C100832,THREAT,vulnerability,2,2011/01/25 11:01:25,193.189.142.32,85.105.124.73,192.168.0.12,85.105.124.73,Dis_Web_Server_erisim,,,web-browsing,vsys1,DMZ,Internet,ethernet1/1,ethernet1/4,,2011/01/25 11:01:30,39039,1,80,1873,80,1873,0x40,tcp,alert,,HTTP Non RFC-Compliant Response Found(32880),any,informational,server-to-client
1,2011/01/25 11:01:30,0004C100832,THREAT,vulnerability,2,2011/01/25 11:01:25,193.189.142.32,94.54.223.51,192.168.0.12,94.54.223.51,Dis_Web_Server_erisim,,,web-browsing,vsys1,DMZ,Internet,ethernet1/1,ethernet1/4,,2011/01/25 11:01:30,34384,2,80,49277,80,49277,0x40,tcp,alert,,HTTP Non RFC-Compliant Response Found(32880),any,informational,server-to-client
1,2011/01/25 11:01:30,0004C100832,THREAT,vulnerability,2,2011/01/25 11:01:25,193.189.142.32,88.228.252.212,192.168.0.12,88.228.252.212,Dis_Web_Server_erisim,,,web-browsing,vsys1,DMZ,Internet,ethernet1/1,ethernet1/4,,2011/01/25 11:01:30,22087,1,80,1698,80,1698,0x40,tcp,alert,,HTTP Non RFC-Compliant Response Found(32880),any,informational,server-to-client
1,2011/01/25 11:01:30,0004C100832,THREAT,vulnerability,2,2011/01/25 11:01:25,193.189.142.32,78.184.179.77,192.168.0.12,78.184.179.77,Dis_Web_Server_erisim,,,web-browsing,vsys1,DMZ,Internet,ethernet1/1,ethernet1/4,,2011/01/25 11:01:30,34727,1,80,12616,80,12616,0x40,tcp,alert,,HTTP Non RFC-Compliant Response Found(32880),any,informational,server-to-client
1,2011/01/25 11:01:30,0004C100832,THREAT,vulnerability,2,2011/01/25 11:01:25,193.189.142.32,212.154.48.2,192.168.0.12,212.154.48.2,Dis_Web_Server_erisim,,,web-browsing,vsys1,DMZ,Internet,ethernet1/1,ethernet1/4,,2011/01/25 11:01:30,34713,1,80,23039,80,23039,0x40,tcp,alert,,HTTP Non RFC-Compliant Response Found(32880),any,informational,server-to-client
1,2011/01/25 11:01:30,0004C100832,THREAT,vulnerability,2,2011/01/25 11:01:25,193.189.142.32,85.105.15.139,192.168.0.12,85.105.15.139,Dis_Web_Server_erisim,,,web-browsing,vsys1,DMZ,Internet,ethernet1/1,ethernet1/4,,2011/01/25 11:01:30,29683,1,80,33941,80,33941,0x40,tcp,alert,,HTTP Non RFC-Compliant Response Found(32880),any,informational,server-to-client
1,2011/01/25 11:01:30,0004C100832,THREAT,vulnerability,2,2011/01/25 11:01:25,193.189.142.32,88.228.193.83,192.168.0.12,88.228.193.83,Dis_Web_Server_erisim,,,web-browsing,vsys1,DMZ,Internet,ethernet1/1,ethernet1/4,,2011/01/25 11:01:30,17375,1,80,26481,80,26481,0x40,tcp,alert,,HTTP Non RFC-Compliant Response Found(32880),any,informational,server-to-client
1,2011/01/25 11:01:30,0004C100832,THREAT,vulnerability,2,2011/01/25 11:01:25,193.189.142.32,88.225.218.183,192.168.0.12,88.225.218.183,Dis_Web_Server_erisim,,,web-browsing,vsys1,DMZ,Internet,ethernet1/1,ethernet1/4,,2011/01/25 11:01:30,24155,1,80,1337,80,1337,0x40,tcp,alert,,HTTP Non RFC-Compliant Response Found(32880),any,informational,server-to-client
1,2011/01/25 11:01:30,0004C100832,THREAT,vulnerability,2,2011/01/25 11:01:25,193.189.142.32,81.215.230.80,192.168.0.12,81.215.230.80,Dis_Web_Server_erisim,,,web-browsing,vsys1,DMZ,Internet,ethernet1/1,ethernet1/4,,2011/01/25 11:01:30,38208,1,80,50025,80,50025,0x40,tcp,alert,,HTTP Non RFC-Compliant Response Found(32880),any,informational,server-to-client
1,2011/01/25 11:01:30,0004C100832,THREAT,vulnerability,2,2011/01/25 11:01:25,193.189.142.32,62.29.18.68,192.168.0.12,62.29.18.68,Dis_Web_Server_erisim,,,web-browsing,vsys1,DMZ,Internet,ethernet1/1,ethernet1/4,,2011/01/25 11:01:30,39446,1,80,1198,80,1198,0x40,tcp,alert,,HTTP Non RFC-Compliant Response Found(32880),any,informational,server-to-client
1,2011/01/25 11:01:30,0004C100832,THREAT,vulnerability,2,2011/01/25 11:01:25,193.189.142.32,81.214.6.161,192.168.0.12,81.214.6.161,Dis_Web_Server_erisim,,,web-browsing,vsys1,DMZ,Internet,ethernet1/1,ethernet1/4,,2011/01/25 11:01:30,36405,1,80,13630,80,13630,0x40,tcp,alert,,HTTP Non RFC-Compliant Response Found(32880),any,informational,server-to-client
1,2011/01/25 11:01:30,0004C100832,THREAT,vulnerability,2,2011/01/25 11:01:25,193.189.142.32,81.214.255.42,192.168.0.12,81.214.255.42,Dis_Web_Server_erisim,,,web-browsing,vsys1,DMZ,Internet,ethernet1/1,ethernet1/4,,2011/01/25 11:01:30,31157,1,80,2095,80,2095,0x40,tcp,alert,,HTTP Non RFC-Compliant Response Found(32880),any,informational,server-to-client
1,2011/01/25 11:01:30,0004C100832,THREAT,vulnerability,2,2011/01/25 11:01:25,193.189.142.32,212.154.75.158,192.168.0.12,212.154.75.158,Dis_Web_Server_erisim,,,web-browsing,vsys1,DMZ,Internet,ethernet1/1,ethernet1/4,,2011/01/25 11:01:30,21358,1,80,51609,80,51609,0x40,tcp,alert,,HTTP Non RFC-Compliant Response Found(32880),any,informational,server-to-client
1,2011/01/25 11:01:30,0004C100832,THREAT,vulnerability,2,2011/01/25 11:01:25,193.189.142.32,88.230.215.130,192.168.0.12,88.230.215.130,Dis_Web_Server_erisim,,,web-browsing,vsys1,DMZ,Internet,ethernet1/1,ethernet1/4,,2011/01/25 11:01:30,29509,1,80,51646,80,51646,0x40,tcp,alert,,HTTP Non RFC-Compliant Response Found(32880),any,informational,server-to-client
1,2011/01/25 11:01:30,0004C100832,THREAT,vulnerability,2,2011/01/25 11:01:25,193.189.142.32,78.186.15.174,192.168.0.12,78.186.15.174,Dis_Web_Server_erisim,,,web-browsing,vsys1,DMZ,Internet,ethernet1/1,ethernet1/4,,2011/01/25 11:01:30,33520,1,80,2213,80,2213,0x40,tcp,alert,,HTTP Non RFC-Compliant Response Found(32880),any,informational,server-to-client
1,2011/01/25 11:01:30,0004C100832,THREAT,vulnerability,2,2011/01/25 11:01:25,193.189.142.32,157.157.121.190,192.168.0.12,157.157.121.190,Dis_Web_Server_erisim,,,web-browsing,vsys1,DMZ,Internet,ethernet1/1,ethernet1/4,,2011/01/25 11:01:30,40438,2,80,43074,80,43074,0x40,tcp,alert,,HTTP Non RFC-Compliant Response Found(32880),any,informational,server-to-client
1,2011/01/25 11:01:30,0004C100832,THREAT,vulnerability,2,2011/01/25 11:01:25,193.189.142.32,95.173.23.179,192.168.0.12,95.173.23.179,Dis_Web_Server_erisim,,,web-browsing,vsys1,DMZ,Internet,ethernet1/1,ethernet1/4,,2011/01/25 11:01:30,22090,1,80,1095,80,1095,0x40,tcp,alert,,HTTP Non RFC-Compliant Response Found(32880),any,informational,server-to-client
1,2011/01/25 11:37:02,0004C100832,THREAT,vulnerability,2,2011/01/25 11:36:57,174.132.239.178,193.189.142.31,174.132.239.178,192.168.0.10,Dis_Web_Server_erisim,,,web-browsing,vsys1,Internet,DMZ,ethernet1/1,ethernet1/4,,2011/01/25 11:37:02,128713,1,37233,80,37233,80,0x40,tcp,alert,,HTTP SQL Injection Attempt(33340),any,medium,client-to-server
1,2011/01/25 13:44:51,0004C100832,THREAT,vulnerability,2,2011/01/25 13:44:45,193.34.132.107,193.189.142.143,193.34.132.107,192.168.0.66,Gelen Mail,,,smtp,vsys1,Internet,DMZ,ethernet1/1,ethernet1/4,,2011/01/25 13:44:51,27071,1,48478,25,48478,25,0x40,tcp,alert,,Microsoft PowerPoint Picture Index Remote Code Execution Vulnerability(31729),any,critical,client-to-server
1,2011/01/25 14:16:00,0004C100832,THREAT,vulnerability,2,2011/01/25 14:15:55,193.189.142.32,94.123.146.54,192.168.0.12,94.123.146.54,Dis_Web_Server_erisim,,,web-browsing,vsys1,DMZ,Internet,ethernet1/1,ethernet1/4,,2011/01/25 14:16:00,107073,6,80,2261,80,2261,0x40,tcp,alert,,HTTP Non RFC-Compliant Response Found(32880),any,informational,server-to-client
1,2011/01/25 14:16:00,0004C100832,THREAT,vulnerability,2,2011/01/25 14:15:55,193.189.142.32,190.120.224.77,192.168.0.12,190.120.224.77,Dis_Web_Server_erisim,,,web-browsing,vsys1,DMZ,Internet,ethernet1/1,ethernet1/4,,2011/01/25 14:16:00,103933,2,80,52935,80,52935,0x40,tcp,alert,,HTTP Non RFC-Compliant Response Found(32880),any,informational,server-to-client
1,2011/01/25 14:16:00,0004C100832,THREAT,vulnerability,2,2011/01/25 14:15:55,193.189.142.32,88.224.243.165,192.168.0.12,88.224.243.165,Dis_Web_Server_erisim,,,web-browsing,vsys1,DMZ,Internet,ethernet1/1,ethernet1/4,,2011/01/25 14:16:00,105339,2,80,27536,80,27536,0x40,tcp,alert,,HTTP Non RFC-Compliant Response Found(32880),any,informational,server-to-client
1,2011/01/25 14:16:00,0004C100832,THREAT,vulnerability,2,2011/01/25 14:15:55,193.189.142.32,88.227.117.51,192.168.0.12,88.227.117.51,Dis_Web_Server_erisim,,,web-browsing,vsys1,DMZ,Internet,ethernet1/1,ethernet1/4,,2011/01/25 14:16:00,95318,2,80,2491,80,2491,0x40,tcp,alert,,HTTP Non RFC-Compliant Response Found(32880),any,informational,server-to-client
1,2011/01/25 14:16:00,0004C100832,THREAT,vulnerability,2,2011/01/25 14:15:55,193.189.142.32,85.105.205.198,192.168.0.12,85.105.205.198,Dis_Web_Server_erisim,,,web-browsing,vsys1,DMZ,Internet,ethernet1/1,ethernet1/4,,2011/01/25 14:16:00,117187,1,80,15697,80,15697,0x40,tcp,alert,,HTTP Non RFC-Compliant Response Found(32880),any,informational,server-to-client
1,2011/01/25 14:16:00,0004C100832,THREAT,vulnerability,2,2011/01/25 14:15:55,193.189.142.32,78.186.161.167,192.168.0.12,78.186.161.167,Dis_Web_Server_erisim,,,web-browsing,vsys1,DMZ,Internet,ethernet1/1,ethernet1/4,,2011/01/25 14:16:00,119782,2,80,50880,80,50880,0x40,tcp,alert,,HTTP Non RFC-Compliant Response Found(32880),any,informational,server-to-client
1,2011/01/25 14:16:00,0004C100832,THREAT,vulnerability,2,2011/01/25 14:15:55,193.189.142.32,85.105.171.180,192.168.0.12,85.105.171.180,Dis_Web_Server_erisim,,,web-browsing,vsys1,DMZ,Internet,ethernet1/1,ethernet1/4,,2011/01/25 14:16:00,110259,3,80,52419,80,52419,0x40,tcp,alert,,HTTP Non RFC-Compliant Response Found(32880),any,informational,server-to-client
1,2011/01/25 14:16:00,0004C100832,THREAT,vulnerability,2,2011/01/25 14:15:55,193.189.142.32,195.85.255.34,192.168.0.12,195.85.255.34,Dis_Web_Server_erisim,,,web-browsing,vsys1,DMZ,Internet,ethernet1/1,ethernet1/4,,2011/01/25 14:16:00,112207,6,80,11180,80,11180,0x40,tcp,alert,,HTTP Non RFC-Compliant Response Found(32880),any,informational,server-to-client
1,2011/01/25 14:16:00,0004C100832,THREAT,vulnerability,2,2011/01/25 14:15:55,193.189.142.32,78.188.32.93,192.168.0.12,78.188.32.93,Dis_Web_Server_erisim,,,web-browsing,vsys1,DMZ,Internet,ethernet1/1,ethernet1/4,,2011/01/25 14:16:00,102665,1,80,25899,80,25899,0x40,tcp,alert,,HTTP Non RFC-Compliant Response Found(32880),any,informational,server-to-client
1,2011/01/25 14:16:00,0004C100832,THREAT,vulnerability,2,2011/01/25 14:15:55,193.189.142.32,78.161.176.230,192.168.0.12,78.161.176.230,Dis_Web_Server_erisim,,,web-browsing,vsys1,DMZ,Internet,ethernet1/1,ethernet1/4,,2011/01/25 14:16:00,112900,6,80,15764,80,15764,0x40,tcp,alert,,HTTP Non RFC-Compliant Response Found(32880),any,informational,server-to-client
1,2011/01/25 14:16:00,0004C100832,THREAT,vulnerability,2,2011/01/25 14:15:55,193.189.142.32,88.249.250.71,192.168.0.12,88.249.250.71,Dis_Web_Server_erisim,,,web-browsing,vsys1,DMZ,Internet,ethernet1/1,ethernet1/4,,2011/01/25 14:16:00,98465,1,80,11899,80,11899,0x40,tcp,alert,,HTTP Non RFC-Compliant Response Found(32880),any,informational,server-to-client
1,2011/01/25 14:16:00,0004C100832,THREAT,vulnerability,2,2011/01/25 14:15:55,193.189.142.32,78.165.183.26,192.168.0.12,78.165.183.26,Dis_Web_Server_erisim,,,web-browsing,vsys1,DMZ,Internet,ethernet1/1,ethernet1/4,,2011/01/25 14:16:00,98605,1,80,2190,80,2190,0x40,tcp,alert,,HTTP Non RFC-Compliant Response Found(32880),any,informational,server-to-client
1,2011/01/25 14:16:00,0004C100832,THREAT,vulnerability,2,2011/01/25 14:15:55,193.189.142.32,94.55.130.236,192.168.0.12,94.55.130.236,Dis_Web_Server_erisim,,,web-browsing,vsys1,DMZ,Internet,ethernet1/1,ethernet1/4,,2011/01/25 14:16:00,82328,1,80,51581,80,51581,0x40,tcp,alert,,HTTP Non RFC-Compliant Response Found(32880),any,informational,server-to-client
1,2011/01/25 14:16:00,0004C100832,THREAT,vulnerability,2,2011/01/25 14:15:55,193.189.142.32,212.175.186.50,192.168.0.12,212.175.186.50,Dis_Web_Server_erisim,,,web-browsing,vsys1,DMZ,Internet,ethernet1/1,ethernet1/4,,2011/01/25 14:16:00,111255,10,80,60971,80,60971,0x40,tcp,alert,,HTTP Non RFC-Compliant Response Found(32880),any,informational,server-to-client
1,2011/01/25 14:16:00,0004C100832,THREAT,vulnerability,2,2011/01/25 14:15:55,193.189.142.32,78.191.119.55,192.168.0.12,78.191.119.55,Dis_Web_Server_erisim,,,web-browsing,vsys1,DMZ,Internet,ethernet1/1,ethernet1/4,,2011/01/25 14:16:00,99779,6,80,26751,80,26751,0x40,tcp,alert,,HTTP Non RFC-Compliant Response Found(32880),any,informational,server-to-client
1,2011/01/25 14:16:00,0004C100832,THREAT,vulnerability,2,2011/01/25 14:15:55,193.189.142.32,95.9.132.80,192.168.0.12,95.9.132.80,Dis_Web_Server_erisim,,,web-browsing,vsys1,DMZ,Internet,ethernet1/1,ethernet1/4,,2011/01/25 14:16:00,106160,1,80,25740,80,25740,0x40,tcp,alert,,HTTP Non RFC-Compliant Response Found(32880),any,informational,server-to-client
1,2011/01/25 14:16:00,0004C100832,THREAT,vulnerability,2,2011/01/25 14:15:55,193.189.142.32,85.105.155.239,192.168.0.12,85.105.155.239,Dis_Web_Server_erisim,,,web-browsing,vsys1,DMZ,Internet,ethernet1/1,ethernet1/4,,2011/01/25 14:16:00,108170,1,80,16679,80,16679,0x40,tcp,alert,,HTTP Non RFC-Compliant Response Found(32880),any,informational,server-to-client
1,2011/01/25 14:16:00,0004C100832,THREAT,vulnerability,2,2011/01/25 14:15:55,193.189.142.32,78.188.185.201,192.168.0.12,78.188.185.201,Dis_Web_Server_erisim,,,web-browsing,vsys1,DMZ,Internet,ethernet1/1,ethernet1/4,,2011/01/25 14:16:00,113438,4,80,18430,80,18430,0x40,tcp,alert,,HTTP Non RFC-Compliant Response Found(32880),any,informational,server-to-client
1,2011/01/25 14:16:00,0004C100832,THREAT,vulnerability,2,2011/01/25 14:15:55,193.189.142.32,78.187.4.38,192.168.0.12,78.187.4.38,Dis_Web_Server_erisim,,,web-browsing,vsys1,DMZ,Internet,ethernet1/1,ethernet1/4,,2011/01/25 14:16:00,119886,5,80,39997,80,39997,0x40,tcp,alert,,HTTP Non RFC-Compliant Response Found(32880),any,informational,server-to-client
1,2011/01/25 14:16:00,0004C100832,THREAT,vulnerability,2,2011/01/25 14:15:55,193.189.142.32,89.175.28.81,192.168.0.12,89.175.28.81,Dis_Web_Server_erisim,,,web-browsing,vsys1,DMZ,Internet,ethernet1/1,ethernet1/4,,2011/01/25 14:16:00,85054,2,80,2642,80,2642,0x40,tcp,alert,,HTTP Non RFC-Compliant Response Found(32880),any,informational,server-to-client
1,2011/01/25 14:16:00,0004C100832,THREAT,vulnerability,2,2011/01/25 14:15:55,193.189.142.32,212.115.4.58,192.168.0.12,212.115.4.58,Dis_Web_Server_erisim,,,web-browsing,vsys1,DMZ,Internet,ethernet1/1,ethernet1/4,,2011/01/25 14:16:00,95832,3,80,24795,80,24795,0x40,tcp,alert,,HTTP Non RFC-Compliant Response Found(32880),any,informational,server-to-client
1,2011/01/25 14:16:00,0004C100832,THREAT,vulnerability,2,2011/01/25 14:15:55,193.189.142.32,78.184.163.0,192.168.0.12,78.184.163.0,Dis_Web_Server_erisim,,,web-browsing,vsys1,DMZ,Internet,ethernet1/1,ethernet1/4,,2011/01/25 14:16:00,113757,1,80,1350,80,1350,0x40,tcp,alert,,HTTP Non RFC-Compliant Response Found(32880),any,informational,server-to-client
1,2011/01/25 14:16:00,0004C100832,THREAT,vulnerability,2,2011/01/25 14:15:55,193.189.142.32,78.183.149.12,192.168.0.12,78.183.149.12,Dis_Web_Server_erisim,,,web-browsing,vsys1,DMZ,Internet,ethernet1/1,ethernet1/4,,2011/01/25 14:16:00,35217,1,80,23115,80,23115,0x40,tcp,alert,,HTTP Non RFC-Compliant Response Found(32880),any,informational,server-to-client
1,2011/01/25 14:16:00,0004C100832,THREAT,vulnerability,2,2011/01/25 14:15:55,193.189.142.32,78.170.103.222,192.168.0.12,78.170.103.222,Dis_Web_Server_erisim,,,web-browsing,vsys1,DMZ,Internet,ethernet1/1,ethernet1/4,,2011/01/25 14:16:00,86311,1,80,1992,80,1992,0x40,tcp,alert,,HTTP Non RFC-Compliant Response Found(32880),any,informational,server-to-client
1,2011/01/25 14:16:00,0004C100832,THREAT,vulnerability,2,2011/01/25 14:15:55,193.189.142.32,88.239.242.187,192.168.0.12,88.239.242.187,Dis_Web_Server_erisim,,,web-browsing,vsys1,DMZ,Internet,ethernet1/1,ethernet1/4,,2011/01/25 14:16:00,109705,3,80,57175,80,57175,0x40,tcp,alert,,HTTP Non RFC-Compliant Response Found(32880),any,informational,server-to-client
1,2011/01/25 14:16:00,0004C100832,THREAT,vulnerability,2,2011/01/25 14:15:55,193.189.142.32,85.96.53.250,192.168.0.12,85.96.53.250,Dis_Web_Server_erisim,,,web-browsing,vsys1,DMZ,Internet,ethernet1/1,ethernet1/4,,2011/01/25 14:16:00,101202,1,80,13091,80,13091,0x40,tcp,alert,,HTTP Non RFC-Compliant Response Found(32880),any,informational,server-to-client
1,2011/01/25 14:16:00,0004C100832,THREAT,vulnerability,2,2011/01/25 14:15:55,193.189.142.32,94.123.142.240,192.168.0.12,94.123.142.240,Dis_Web_Server_erisim,,,web-browsing,vsys1,DMZ,Internet,ethernet1/1,ethernet1/4,,2011/01/25 14:16:00,90785,1,80,52027,80,52027,0x40,tcp,alert,,HTTP Non RFC-Compliant Response Found(32880),any,informational,server-to-client
1,2011/01/25 14:16:00,0004C100832,THREAT,vulnerability,2,2011/01/25 14:15:55,193.189.142.32,88.234.211.139,192.168.0.12,88.234.211.139,Dis_Web_Server_erisim,,,web-browsing,vsys1,DMZ,Internet,ethernet1/1,ethernet1/4,,2011/01/25 14:16:00,105053,1,80,61884,80,61884,0x40,tcp,alert,,HTTP Non RFC-Compliant Response Found(32880),any,informational,server-to-client
1,2011/01/25 14:16:00,0004C100832,THREAT,vulnerability,2,2011/01/25 14:15:55,193.189.142.32,95.10.27.22,192.168.0.12,95.10.27.22,Dis_Web_Server_erisim,,,web-browsing,vsys1,DMZ,Internet,ethernet1/1,ethernet1/4,,2011/01/25 14:16:00,109203,3,80,2752,80,2752,0x40,tcp,alert,,HTTP Non RFC-Compliant Response Found(32880),any,informational,server-to-client
1,2011/01/25 14:16:00,0004C100832,THREAT,vulnerability,2,2011/01/25 14:15:55,193.189.142.32,212.175.131.193,192.168.0.12,212.175.131.193,Dis_Web_Server_erisim,,,web-browsing,vsys1,DMZ,Internet,ethernet1/1,ethernet1/4,,2011/01/25 14:16:00,100770,3,80,55917,80,55917,0x40,tcp,alert,,HTTP Non RFC-Compliant Response Found(32880),any,informational,server-to-client
1,2011/01/25 14:16:00,0004C100832,THREAT,vulnerability,2,2011/01/25 14:15:55,193.189.142.32,78.189.181.215,192.168.0.12,78.189.181.215,Dis_Web_Server_erisim,,,web-browsing,vsys1,DMZ,Internet,ethernet1/1,ethernet1/4,,2011/01/25 14:16:00,115836,25,80,32449,80,32449,0x40,tcp,alert,,HTTP Non RFC-Compliant Response Found(32880),any,informational,server-to-client
1,2011/01/25 14:16:00,0004C100832,THREAT,vulnerability,2,2011/01/25 14:15:55,193.189.142.32,85.102.52.17,192.168.0.12,85.102.52.17,Dis_Web_Server_erisim,,,web-browsing,vsys1,DMZ,Internet,ethernet1/1,ethernet1/4,,2011/01/25 14:16:00,105762,1,80,51962,80,51962,0x40,tcp,alert,,HTTP Non RFC-Compliant Response Found(32880),any,informational,server-to-client
1,2011/01/25 14:16:00,0004C100832,THREAT,vulnerability,2,2011/01/25 14:15:55,193.189.142.32,78.190.162.183,192.168.0.12,78.190.162.183,Dis_Web_Server_erisim,,,web-browsing,vsys1,DMZ,Internet,ethernet1/1,ethernet1/4,,2011/01/25 14:16:00,93223,1,80,2052,80,2052,0x40,tcp,alert,,HTTP Non RFC-Compliant Response Found(32880),any,informational,server-to-client
1,2011/01/25 14:16:00,0004C100832,THREAT,vulnerability,2,2011/01/25 14:15:55,193.189.142.32,78.171.11.4,192.168.0.12,78.171.11.4,Dis_Web_Server_erisim,,,web-browsing,vsys1,DMZ,Internet,ethernet1/1,ethernet1/4,,2011/01/25 14:16:00,109026,1,80,4506,80,4506,0x40,tcp,alert,,HTTP Non RFC-Compliant Response Found(32880),any,informational,server-to-client
1,2011/01/25 14:16:00,0004C100832,THREAT,vulnerability,2,2011/01/25 14:15:55,193.189.142.32,95.9.110.5,192.168.0.12,95.9.110.5,Dis_Web_Server_erisim,,,web-browsing,vsys1,DMZ,Internet,ethernet1/1,ethernet1/4,,2011/01/25 14:16:00,103596,1,80,50275,80,50275,0x40,tcp,alert,,HTTP Non RFC-Compliant Response Found(32880),any,informational,server-to-client
1,2011/01/25 14:16:00,0004C100832,THREAT,vulnerability,2,2011/01/25 14:15:55,193.189.142.32,195.246.112.10,192.168.0.12,195.246.112.10,Dis_Web_Server_erisim,,,web-browsing,vsys1,DMZ,Internet,ethernet1/1,ethernet1/4,,2011/01/25 14:16:00,67883,1,80,61401,80,61401,0x40,tcp,alert,,HTTP Non RFC-Compliant Response Found(32880),any,informational,server-to-client
1,2011/01/25 14:16:00,0004C100832,THREAT,vulnerability,2,2011/01/25 14:15:55,193.189.142.32,94.121.241.139,192.168.0.12,94.121.241.139,Dis_Web_Server_erisim,,,web-browsing,vsys1,DMZ,Internet,ethernet1/1,ethernet1/4,,2011/01/25 14:16:00,100628,1,80,26172,80,26172,0x40,tcp,alert,,HTTP Non RFC-Compliant Response Found(32880),any,informational,server-to-client
1,2011/01/25 14:16:00,0004C100832,THREAT,vulnerability,2,2011/01/25 14:15:55,193.189.142.32,78.188.12.59,192.168.0.12,78.188.12.59,Dis_Web_Server_erisim,,,web-browsing,vsys1,DMZ,Internet,ethernet1/1,ethernet1/4,,2011/01/25 14:16:00,91855,2,80,3427,80,3427,0x40,tcp,alert,,HTTP Non RFC-Compliant Response Found(32880),any,informational,server-to-client
1,2011/01/25 14:16:00,0004C100832,THREAT,vulnerability,2,2011/01/25 14:15:55,193.189.142.32,62.244.248.212,192.168.0.12,62.244.248.212,Dis_Web_Server_erisim,,,web-browsing,vsys1,DMZ,Internet,ethernet1/1,ethernet1/4,,2011/01/25 14:16:00,18375,2,80,21608,80,21608,0x40,tcp,alert,,HTTP Non RFC-Compliant Response Found(32880),any,informational,server-to-client
1,2011/01/25 14:16:00,0004C100832,THREAT,vulnerability,2,2011/01/25 14:15:55,193.189.142.32,78.167.79.188,192.168.0.12,78.167.79.188,Dis_Web_Server_erisim,,,web-browsing,vsys1,DMZ,Internet,ethernet1/1,ethernet1/4,,2011/01/25 14:16:00,94777,6,80,51277,80,51277,0x40,tcp,alert,,HTTP Non RFC-Compliant Response Found(32880),any,informational,server-to-client
1,2011/01/25 14:16:00,0004C100832,THREAT,vulnerability,2,2011/01/25 14:15:55,193.189.142.32,212.174.97.50,192.168.0.12,212.174.97.50,Dis_Web_Server_erisim,,,web-browsing,vsys1,DMZ,Internet,ethernet1/1,ethernet1/4,,2011/01/25 14:16:00,104241,1,80,2321,80,2321,0x40,tcp,alert,,HTTP Non RFC-Compliant Response Found(32880),any,informational,server-to-client
1,2011/01/25 14:16:00,0004C100832,THREAT,vulnerability,2,2011/01/25 14:15:55,193.189.142.32,81.6.104.194,192.168.0.12,81.6.104.194,Dis_Web_Server_erisim,,,web-browsing,vsys1,DMZ,Internet,ethernet1/1,ethernet1/4,,2011/01/25 14:16:00,89534,1,80,52750,80,52750,0x40,tcp,alert,,HTTP Non RFC-Compliant Response Found(32880),any,informational,server-to-client
1,2011/01/25 14:16:00,0004C100832,THREAT,vulnerability,2,2011/01/25 14:15:55,193.189.142.32,81.214.255.42,192.168.0.12,81.214.255.42,Dis_Web_Server_erisim,,,web-browsing,vsys1,DMZ,Internet,ethernet1/1,ethernet1/4,,2011/01/25 14:16:00,85646,2,80,1073,80,1073,0x40,tcp,alert,,HTTP Non RFC-Compliant Response Found(32880),any,informational,server-to-client
1,2011/01/25 14:16:00,0004C100832,THREAT,vulnerability,2,2011/01/25 14:15:55,193.189.142.32,78.169.133.2,192.168.0.12,78.169.133.2,Dis_Web_Server_erisim,,,web-browsing,vsys1,DMZ,Internet,ethernet1/1,ethernet1/4,,2011/01/25 14:16:00,78275,1,80,1463,80,1463,0x40,tcp,alert,,HTTP Non RFC-Compliant Response Found(32880),any,informational,server-to-client
1,2011/01/25 14:16:00,0004C100832,THREAT,vulnerability,2,2011/01/25 14:15:55,193.189.142.32,94.54.227.4,192.168.0.12,94.54.227.4,Dis_Web_Server_erisim,,,web-browsing,vsys1,DMZ,Internet,ethernet1/1,ethernet1/4,,2011/01/25 14:16:00,108946,1,80,49824,80,49824,0x40,tcp,alert,,HTTP Non RFC-Compliant Response Found(32880),any,informational,server-to-client
1,2011/01/25 14:16:00,0004C100832,THREAT,vulnerability,2,2011/01/25 14:15:55,193.189.142.32,78.188.102.218,192.168.0.12,78.188.102.218,Dis_Web_Server_erisim,,,web-browsing,vsys1,DMZ,Internet,ethernet1/1,ethernet1/4,,2011/01/25 14:16:00,98063,1,80,2947,80,2947,0x40,tcp,alert,,HTTP Non RFC-Compliant Response Found(32880),any,informational,server-to-client
1,2011/01/25 14:16:00,0004C100832,THREAT,vulnerability,2,2011/01/25 14:15:55,193.189.142.32,78.173.74.127,192.168.0.12,78.173.74.127,Dis_Web_Server_erisim,,,web-browsing,vsys1,DMZ,Internet,ethernet1/1,ethernet1/4,,2011/01/25 14:16:00,103324,5,80,56302,80,56302,0x40,tcp,alert,,HTTP Non RFC-Compliant Response Found(32880),any,informational,server-to-client
1,2011/01/25 14:16:00,0004C100832,THREAT,vulnerability,2,2011/01/25 14:15:55,193.189.142.32,85.96.230.247,192.168.0.12,85.96.230.247,Dis_Web_Server_erisim,,,web-browsing,vsys1,DMZ,Internet,ethernet1/1,ethernet1/4,,2011/01/25 14:16:00,114254,1,80,11154,80,11154,0x40,tcp,alert,,HTTP Non RFC-Compliant Response Found(32880),any,informational,server-to-client
1,2011/01/25 14:16:00,0004C100832,THREAT,vulnerability,2,2011/01/25 14:15:55,193.189.142.32,85.97.118.23,192.168.0.12,85.97.118.23,Dis_Web_Server_erisim,,,web-browsing,vsys1,DMZ,Internet,ethernet1/1,ethernet1/4,,2011/01/25 14:16:00,74246,1,80,4241,80,4241,0x40,tcp,alert,,HTTP Non RFC-Compliant Response Found(32880),any,informational,server-to-client
1,2011/01/25 14:16:00,0004C100832,THREAT,vulnerability,2,2011/01/25 14:15:55,193.189.142.32,95.10.73.254,192.168.0.12,95.10.73.254,Dis_Web_Server_erisim,,,web-browsing,vsys1,DMZ,Internet,ethernet1/1,ethernet1/4,,2011/01/25 14:16:00,85756,1,80,1561,80,1561,0x40,tcp,alert,,HTTP Non RFC-Compliant Response Found(32880),any,informational,server-to-client
1,2011/01/25 14:16:00,0004C100832,THREAT,vulnerability,2,2011/01/25 14:15:55,193.189.142.32,85.105.124.73,192.168.0.12,85.105.124.73,Dis_Web_Server_erisim,,,web-browsing,vsys1,DMZ,Internet,ethernet1/1,ethernet1/4,,2011/01/25 14:16:00,101480,1,80,3371,80,3371,0x40,tcp,alert,,HTTP Non RFC-Compliant Response Found(32880),any,informational,server-to-client
1,2011/01/25 14:16:00,0004C100832,THREAT,vulnerability,2,2011/01/25 14:15:55,193.189.142.32,78.169.19.139,192.168.0.12,78.169.19.139,Dis_Web_Server_erisim,,,web-browsing,vsys1,DMZ,Internet,ethernet1/1,ethernet1/4,,2011/01/25 14:16:00,105546,1,80,2148,80,2148,0x40,tcp,alert,,HTTP Non RFC-Compliant Response Found(32880),any,informational,server-to-client
1,2011/01/25 14:16:00,0004C100832,THREAT,vulnerability,2,2011/01/25 14:15:55,193.189.142.32,88.234.101.141,192.168.0.12,88.234.101.141,Dis_Web_Server_erisim,,,web-browsing,vsys1,DMZ,Internet,ethernet1/1,ethernet1/4,,2011/01/25 14:16:00,106162,1,80,50913,80,50913,0x40,tcp,alert,,HTTP Non RFC-Compliant Response Found(32880),any,informational,server-to-client
1,2011/01/25 14:16:00,0004C100832,THREAT,vulnerability,2,2011/01/25 14:15:55,193.189.142.32,85.102.52.8,192.168.0.12,85.102.52.8,Dis_Web_Server_erisim,,,web-browsing,vsys1,DMZ,Internet,ethernet1/1,ethernet1/4,,2011/01/25 14:16:00,95728,1,80,14951,80,14951,0x40,tcp,alert,,HTTP Non RFC-Compliant Response Found(32880),any,informational,server-to-client
1,2011/01/25 14:16:00,0004C100832,THREAT,vulnerability,2,2011/01/25 14:15:55,193.189.142.32,92.45.29.242,192.168.0.12,92.45.29.242,Dis_Web_Server_erisim,,,web-browsing,vsys1,DMZ,Internet,ethernet1/1,ethernet1/4,,2011/01/25 14:16:00,116970,1,80,1314,80,1314,0x40,tcp,alert,,HTTP Non RFC-Compliant Response Found(32880),any,informational,server-to-client
1,2011/01/25 14:16:00,0004C100832,THREAT,vulnerability,2,2011/01/25 14:15:55,193.189.142.32,212.156.205.55,192.168.0.12,212.156.205.55,Dis_Web_Server_erisim,,,web-browsing,vsys1,DMZ,Internet,ethernet1/1,ethernet1/4,,2011/01/25 14:16:00,100971,1,80,2731,80,2731,0x40,tcp,alert,,HTTP Non RFC-Compliant Response Found(32880),any,informational,server-to-client
1,2011/01/25 14:16:00,0004C100832,THREAT,vulnerability,2,2011/01/25 14:15:55,193.189.142.32,85.108.61.12,192.168.0.12,85.108.61.12,Dis_Web_Server_erisim,,,web-browsing,vsys1,DMZ,Internet,ethernet1/1,ethernet1/4,,2011/01/25 14:16:00,111046,2,80,25298,80,25298,0x40,tcp,alert,,HTTP Non RFC-Compliant Response Found(32880),any,informational,server-to-client
1,2011/01/25 14:16:00,0004C100832,THREAT,vulnerability,2,2011/01/25 14:15:55,193.189.142.32,78.160.201.126,192.168.0.12,78.160.201.126,Dis_Web_Server_erisim,,,web-browsing,vsys1,DMZ,Internet,ethernet1/1,ethernet1/4,,2011/01/25 14:16:00,106677,1,80,3945,80,3945,0x40,tcp,alert,,HTTP Non RFC-Compliant Response Found(32880),any,informational,server-to-client
1,2011/01/25 14:16:00,0004C100832,THREAT,vulnerability,2,2011/01/25 14:15:55,193.189.142.32,95.0.165.30,192.168.0.12,95.0.165.30,Dis_Web_Server_erisim,,,web-browsing,vsys1,DMZ,Internet,ethernet1/1,ethernet1/4,,2011/01/25 14:16:00,97435,5,80,36775,80,36775,0x40,tcp,alert,,HTTP Non RFC-Compliant Response Found(32880),any,informational,server-to-client
1,2011/01/25 14:16:00,0004C100832,THREAT,vulnerability,2,2011/01/25 14:15:55,193.189.142.32,85.99.254.5,192.168.0.12,85.99.254.5,Dis_Web_Server_erisim,,,web-browsing,vsys1,DMZ,Internet,ethernet1/1,ethernet1/4,,2011/01/25 14:16:00,98682,2,80,41144,80,41144,0x40,tcp,alert,,HTTP Non RFC-Compliant Response Found(32880),any,informational,server-to-client
1,2011/01/25 14:16:00,0004C100832,THREAT,vulnerability,2,2011/01/25 14:15:55,193.189.142.32,78.189.29.242,192.168.0.12,78.189.29.242,Dis_Web_Server_erisim,,,web-browsing,vsys1,DMZ,Internet,ethernet1/1,ethernet1/4,,2011/01/25 14:16:00,109369,1,80,14791,80,14791,0x40,tcp,alert,,HTTP Non RFC-Compliant Response Found(32880),any,informational,server-to-client
1,2011/01/25 14:16:00,0004C100832,THREAT,vulnerability,2,2011/01/25 14:15:55,193.189.142.32,85.97.119.132,192.168.0.12,85.97.119.132,Dis_Web_Server_erisim,,,web-browsing,vsys1,DMZ,Internet,ethernet1/1,ethernet1/4,,2011/01/25 14:16:00,88355,1,80,1602,80,1602,0x40,tcp,alert,,HTTP Non RFC-Compliant Response Found(32880),any,informational,server-to-client
1,2011/01/25 14:16:00,0004C100832,THREAT,vulnerability,2,2011/01/25 14:15:55,193.189.142.32,78.189.33.47,192.168.0.12,78.189.33.47,Dis_Web_Server_erisim,,,web-browsing,vsys1,DMZ,Internet,ethernet1/1,ethernet1/4,,2011/01/25 14:16:00,75239,2,80,50428,80,50428,0x40,tcp,alert,,HTTP Non RFC-Compliant Response Found(32880),any,informational,server-to-client
1,2011/01/25 14:16:00,0004C100832,THREAT,vulnerability,2,2011/01/25 14:15:55,193.189.142.32,94.54.253.13,192.168.0.12,94.54.253.13,Dis_Web_Server_erisim,,,web-browsing,vsys1,DMZ,Internet,ethernet1/1,ethernet1/4,,2011/01/25 14:16:00,99361,2,80,50155,80,50155,0x40,tcp,alert,,HTTP Non RFC-Compliant Response Found(32880),any,informational,server-to-client
1,2011/01/25 14:16:00,0004C100832,THREAT,vulnerability,2,2011/01/25 14:15:55,193.189.142.32,78.188.109.212,192.168.0.12,78.188.109.212,Dis_Web_Server_erisim,,,web-browsing,vsys1,DMZ,Internet,ethernet1/1,ethernet1/4,,2011/01/25 14:16:00,106619,1,80,50350,80,50350,0x40,tcp,alert,,HTTP Non RFC-Compliant Response Found(32880),any,informational,server-to-client
1,2011/01/25 14:16:00,0004C100832,THREAT,vulnerability,2,2011/01/25 14:15:55,193.189.142.32,78.176.63.169,192.168.0.12,78.176.63.169,Dis_Web_Server_erisim,,,web-browsing,vsys1,DMZ,Internet,ethernet1/1,ethernet1/4,,2011/01/25 14:16:00,107766,2,80,50412,80,50412,0x40,tcp,alert,,HTTP Non RFC-Compliant Response Found(32880),any,informational,server-to-client
1,2011/01/25 14:16:00,0004C100832,THREAT,vulnerability,2,2011/01/25 14:15:55,193.189.142.32,78.166.120.6,192.168.0.12,78.166.120.6,Dis_Web_Server_erisim,,,web-browsing,vsys1,DMZ,Internet,ethernet1/1,ethernet1/4,,2011/01/25 14:16:00,107275,1,80,11456,80,11456,0x40,tcp,alert,,HTTP Non RFC-Compliant Response Found(32880),any,informational,server-to-client
1,2011/01/25 14:16:00,0004C100832,THREAT,vulnerability,2,2011/01/25 14:15:55,193.189.142.32,88.255.219.86,192.168.0.12,88.255.219.86,Dis_Web_Server_erisim,,,web-browsing,vsys1,DMZ,Internet,ethernet1/1,ethernet1/4,,2011/01/25 14:16:00,98839,1,80,59135,80,59135,0x40,tcp,alert,,HTTP Non RFC-Compliant Response Found(32880),any,informational,server-to-client
1,2011/01/25 14:16:00,0004C100832,THREAT,vulnerability,2,2011/01/25 14:15:55,193.189.142.32,168.224.160.14,192.168.0.12,168.224.160.14,Dis_Web_Server_erisim,,,web-browsing,vsys1,DMZ,Internet,ethernet1/1,ethernet1/4,,2011/01/25 14:16:00,115113,2,80,11926,80,11926,0x40,tcp,alert,,HTTP Non RFC-Compliant Response Found(32880),any,informational,server-to-client
1,2011/01/25 14:16:00,0004C100832,THREAT,vulnerability,2,2011/01/25 14:15:55,193.189.142.32,88.233.247.21,192.168.0.12,88.233.247.21,Dis_Web_Server_erisim,,,web-browsing,vsys1,DMZ,Internet,ethernet1/1,ethernet1/4,,2011/01/25 14:16:00,106285,1,80,1363,80,1363,0x40,tcp,alert,,HTTP Non RFC-Compliant Response Found(32880),any,informational,server-to-client
1,2011/01/25 14:16:00,0004C100832,THREAT,vulnerability,2,2011/01/25 14:15:55,193.189.142.32,109.228.247.114,192.168.0.12,109.228.247.114,Dis_Web_Server_erisim,,,web-browsing,vsys1,DMZ,Internet,ethernet1/1,ethernet1/4,,2011/01/25 14:16:00,106251,1,80,19921,80,19921,0x40,tcp,alert,,HTTP Non RFC-Compliant Response Found(32880),any,informational,server-to-client
1,2011/01/25 14:16:00,0004C100832,THREAT,vulnerability,2,2011/01/25 14:15:55,193.189.142.32,88.252.243.112,192.168.0.12,88.252.243.112,Dis_Web_Server_erisim,,,web-browsing,vsys1,DMZ,Internet,ethernet1/1,ethernet1/4,,2011/01/25 14:16:00,112669,3,80,2026,80,2026,0x40,tcp,alert,,HTTP Non RFC-Compliant Response Found(32880),any,informational,server-to-client
1,2011/01/25 14:16:00,0004C100832,THREAT,vulnerability,2,2011/01/25 14:15:55,193.189.142.32,88.250.114.180,192.168.0.12,88.250.114.180,Dis_Web_Server_erisim,,,web-browsing,vsys1,DMZ,Internet,ethernet1/1,ethernet1/4,,2011/01/25 14:16:00,111537,2,80,4016,80,4016,0x40,tcp,alert,,HTTP Non RFC-Compliant Response Found(32880),any,informational,server-to-client
1,2011/01/25 14:16:00,0004C100832,THREAT,vulnerability,2,2011/01/25 14:15:55,193.189.142.32,88.235.45.225,192.168.0.12,88.235.45.225,Dis_Web_Server_erisim,,,web-browsing,vsys1,DMZ,Internet,ethernet1/1,ethernet1/4,,2011/01/25 14:16:00,100868,1,80,23962,80,23962,0x40,tcp,alert,,HTTP Non RFC-Compliant Response Found(32880),any,informational,server-to-client
1,2011/01/25 14:16:00,0004C100832,THREAT,vulnerability,2,2011/01/25 14:15:55,193.189.142.32,91.93.243.228,192.168.0.12,91.93.243.228,Dis_Web_Server_erisim,,,web-browsing,vsys1,DMZ,Internet,ethernet1/1,ethernet1/4,,2011/01/25 14:16:00,112918,1,80,50206,80,50206,0x40,tcp,alert,,HTTP Non RFC-Compliant Response Found(32880),any,informational,server-to-client
1,2011/01/25 14:16:00,0004C100832,THREAT,vulnerability,2,2011/01/25 14:15:55,193.189.142.32,78.168.0.135,192.168.0.12,78.168.0.135,Dis_Web_Server_erisim,,,web-browsing,vsys1,DMZ,Internet,ethernet1/1,ethernet1/4,,2011/01/25 14:16:00,106309,2,80,50598,80,50598,0x40,tcp,alert,,HTTP Non RFC-Compliant Response Found(32880),any,informational,server-to-client
1,2011/01/25 14:16:00,0004C100832,THREAT,vulnerability,2,2011/01/25 14:15:55,193.189.142.32,213.148.68.2,192.168.0.12,213.148.68.2,Dis_Web_Server_erisim,,,web-browsing,vsys1,DMZ,Internet,ethernet1/1,ethernet1/4,,2011/01/25 14:16:00,106868,1,80,31289,80,31289,0x40,tcp,alert,,HTTP Non RFC-Compliant Response Found(32880),any,informational,server-to-client
1,2011/01/25 14:16:00,0004C100832,THREAT,vulnerability,2,2011/01/25 14:15:55,193.189.142.32,78.182.72.193,192.168.0.12,78.182.72.193,Dis_Web_Server_erisim,,,web-browsing,vsys1,DMZ,Internet,ethernet1/1,ethernet1/4,,2011/01/25 14:16:00,102477,1,80,56742,80,56742,0x40,tcp,alert,,HTTP Non RFC-Compliant Response Found(32880),any,informational,server-to-client
1,2011/01/25 14:16:00,0004C100832,THREAT,vulnerability,2,2011/01/25 14:15:55,193.189.142.32,78.180.92.14,192.168.0.12,78.180.92.14,Dis_Web_Server_erisim,,,web-browsing,vsys1,DMZ,Internet,ethernet1/1,ethernet1/4,,2011/01/25 14:16:00,120632,1,80,52116,80,52116,0x40,tcp,alert,,HTTP Non RFC-Compliant Response Found(32880),any,informational,server-to-client
1,2011/01/25 14:16:00,0004C100832,THREAT,vulnerability,2,2011/01/25 14:15:55,193.189.142.32,78.191.193.139,192.168.0.12,78.191.193.139,Dis_Web_Server_erisim,,,web-browsing,vsys1,DMZ,Internet,ethernet1/1,ethernet1/4,,2011/01/25 14:16:00,105635,1,80,56609,80,56609,0x40,tcp,alert,,HTTP Non RFC-Compliant Response Found(32880),any,informational,server-to-client
1,2011/01/25 14:16:00,0004C100832,THREAT,vulnerability,2,2011/01/25 14:15:55,193.189.142.32,78.184.164.63,192.168.0.12,78.184.164.63,Dis_Web_Server_erisim,,,web-browsing,vsys1,DMZ,Internet,ethernet1/1,ethernet1/4,,2011/01/25 14:16:00,110154,1,80,3689,80,3689,0x40,tcp,alert,,HTTP Non RFC-Compliant Response Found(32880),any,informational,server-to-client
1,2011/01/25 14:16:00,0004C100832,THREAT,vulnerability,2,2011/01/25 14:15:55,193.189.142.32,88.244.62.207,192.168.0.12,88.244.62.207,Dis_Web_Server_erisim,,,web-browsing,vsys1,DMZ,Internet,ethernet1/1,ethernet1/4,,2011/01/25 14:16:00,106798,1,80,3619,80,3619,0x40,tcp,alert,,HTTP Non RFC-Compliant Response Found(32880),any,informational,server-to-client
1,2011/01/25 14:16:00,0004C100832,THREAT,vulnerability,2,2011/01/25 14:15:55,193.189.142.32,82.222.21.131,192.168.0.12,82.222.21.131,Dis_Web_Server_erisim,,,web-browsing,vsys1,DMZ,Internet,ethernet1/1,ethernet1/4,,2011/01/25 14:16:00,104229,2,80,29138,80,29138,0x40,tcp,alert,,HTTP Non RFC-Compliant Response Found(32880),any,informational,server-to-client
1,2011/01/25 14:16:00,0004C100832,THREAT,vulnerability,2,2011/01/25 14:15:55,193.189.142.32,85.105.28.153,192.168.0.12,85.105.28.153,Dis_Web_Server_erisim,,,web-browsing,vsys1,DMZ,Internet,ethernet1/1,ethernet1/4,,2011/01/25 14:16:00,94222,1,80,52248,80,52248,0x40,tcp,alert,,HTTP Non RFC-Compliant Response Found(32880),any,informational,server-to-client
1,2011/01/25 14:16:00,0004C100832,THREAT,vulnerability,2,2011/01/25 14:15:55,193.189.142.32,85.96.146.45,192.168.0.12,85.96.146.45,Dis_Web_Server_erisim,,,web-browsing,vsys1,DMZ,Internet,ethernet1/1,ethernet1/4,,2011/01/25 14:16:00,98259,1,80,16240,80,16240,0x40,tcp,alert,,HTTP Non RFC-Compliant Response Found(32880),any,informational,server-to-client
1,2011/01/25 14:16:00,0004C100832,THREAT,vulnerability,2,2011/01/25 14:15:55,193.189.142.32,85.96.47.95,192.168.0.12,85.96.47.95,Dis_Web_Server_erisim,,,web-browsing,vsys1,DMZ,Internet,ethernet1/1,ethernet1/4,,2011/01/25 14:16:00,103259,1,80,49315,80,49315,0x40,tcp,alert,,HTTP Non RFC-Compliant Response Found(32880),any,informational,server-to-client
1,2011/01/25 14:16:00,0004C100832,THREAT,vulnerability,2,2011/01/25 14:15:55,193.189.142.32,94.123.141.38,192.168.0.12,94.123.141.38,Dis_Web_Server_erisim,,,web-browsing,vsys1,DMZ,Internet,ethernet1/1,ethernet1/4,,2011/01/25 14:16:00,104658,1,80,3793,80,3793,0x40,tcp,alert,,HTTP Non RFC-Compliant Response Found(32880),any,informational,server-to-client
1,2011/01/25 14:16:00,0004C100832,THREAT,vulnerability,2,2011/01/25 14:15:55,193.189.142.32,95.7.72.89,192.168.0.12,95.7.72.89,Dis_Web_Server_erisim,,,web-browsing,vsys1,DMZ,Internet,ethernet1/1,ethernet1/4,,2011/01/25 14:16:00,108182,1,80,1930,80,1930,0x40,tcp,alert,,HTTP Non RFC-Compliant Response Found(32880),any,informational,server-to-client
1,2011/01/25 14:16:00,0004C100832,THREAT,vulnerability,2,2011/01/25 14:15:55,193.189.142.32,78.186.205.7,192.168.0.12,78.186.205.7,Dis_Web_Server_erisim,,,web-browsing,vsys1,DMZ,Internet,ethernet1/1,ethernet1/4,,2011/01/25 14:16:00,111967,2,80,4307,80,4307,0x40,tcp,alert,,HTTP Non RFC-Compliant Response Found(32880),any,informational,server-to-client
1,2011/01/25 14:16:00,0004C100832,THREAT,vulnerability,2,2011/01/25 14:15:55,193.189.142.32,78.163.2.246,192.168.0.12,78.163.2.246,Dis_Web_Server_erisim,,,web-browsing,vsys1,DMZ,Internet,ethernet1/1,ethernet1/4,,2011/01/25 14:16:00,113666,1,80,3461,80,3461,0x40,tcp,alert,,HTTP Non RFC-Compliant Response Found(32880),any,informational,server-to-client
1,2011/01/25 14:16:00,0004C100832,THREAT,vulnerability,2,2011/01/25 14:15:55,193.189.142.32,78.186.15.174,192.168.0.12,78.186.15.174,Dis_Web_Server_erisim,,,web-browsing,vsys1,DMZ,Internet,ethernet1/1,ethernet1/4,,2011/01/25 14:16:00,107810,2,80,3174,80,3174,0x40,tcp,alert,,HTTP Non RFC-Compliant Response Found(32880),any,informational,server-to-client
1,2011/01/25 14:16:00,0004C100832,THREAT,vulnerability,2,2011/01/25 14:15:55,193.189.142.32,212.174.135.66,192.168.0.12,212.174.135.66,Dis_Web_Server_erisim,,,web-browsing,vsys1,DMZ,Internet,ethernet1/1,ethernet1/4,,2011/01/25 14:16:00,112959,1,80,23167,80,23167,0x40,tcp,alert,,HTTP Non RFC-Compliant Response Found(32880),any,informational,server-to-client
1,2011/01/25 14:16:00,0004C100832,THREAT,vulnerability,2,2011/01/25 14:15:55,193.189.142.32,88.249.97.203,192.168.0.12,88.249.97.203,Dis_Web_Server_erisim,,,web-browsing,vsys1,DMZ,Internet,ethernet1/1,ethernet1/4,,2011/01/25 14:16:00,79489,1,80,3238,80,3238,0x40,tcp,alert,,HTTP Non RFC-Compliant Response Found(32880),any,informational,server-to-client
1,2011/01/25 14:16:00,0004C100832,THREAT,vulnerability,2,2011/01/25 14:15:55,193.189.142.32,212.156.167.29,192.168.0.12,212.156.167.29,Dis_Web_Server_erisim,,,web-browsing,vsys1,DMZ,Internet,ethernet1/1,ethernet1/4,,2011/01/25 14:16:00,20291,1,80,52209,80,52209,0x40,tcp,alert,,HTTP Non RFC-Compliant Response Found(32880),any,informational,server-to-client
1,2011/01/25 14:16:00,0004C100832,THREAT,vulnerability,2,2011/01/25 14:15:55,193.189.142.32,212.174.62.68,192.168.0.12,212.174.62.68,Dis_Web_Server_erisim,,,web-browsing,vsys1,DMZ,Internet,ethernet1/1,ethernet1/4,,2011/01/25 14:16:00,106489,1,80,1256,80,1256,0x40,tcp,alert,,HTTP Non RFC-Compliant Response Found(32880),any,informational,server-to-client
1,2011/01/25 14:16:00,0004C100832,THREAT,vulnerability,2,2011/01/25 14:15:55,193.189.142.32,213.194.95.222,192.168.0.12,213.194.95.222,Dis_Web_Server_erisim,,,web-browsing,vsys1,DMZ,Internet,ethernet1/1,ethernet1/4,,2011/01/25 14:16:00,101866,1,80,1612,80,1612,0x40,tcp,alert,,HTTP Non RFC-Compliant Response Found(32880),any,informational,server-to-client
1,2011/01/25 14:16:00,0004C100832,THREAT,vulnerability,2,2011/01/25 14:15:55,193.189.142.32,88.246.205.242,192.168.0.12,88.246.205.242,Dis_Web_Server_erisim,,,web-browsing,vsys1,DMZ,Internet,ethernet1/1,ethernet1/4,,2011/01/25 14:16:00,91177,1,80,13192,80,13192,0x40,tcp,alert,,HTTP Non RFC-Compliant Response Found(32880),any,informational,server-to-client
1,2011/01/25 14:16:00,0004C100832,THREAT,vulnerability,2,2011/01/25 14:15:55,193.189.142.32,88.241.135.35,192.168.0.12,88.241.135.35,Dis_Web_Server_erisim,,,web-browsing,vsys1,DMZ,Internet,ethernet1/1,ethernet1/4,,2011/01/25 14:16:00,101166,1,80,50493,80,50493,0x40,tcp,alert,,HTTP Non RFC-Compliant Response Found(32880),any,informational,server-to-client
1,2011/01/25 14:16:00,0004C100832,THREAT,vulnerability,2,2011/01/25 14:15:55,193.189.142.32,88.234.121.183,192.168.0.12,88.234.121.183,Dis_Web_Server_erisim,,,web-browsing,vsys1,DMZ,Internet,ethernet1/1,ethernet1/4,,2011/01/25 14:16:00,103334,1,80,50382,80,50382,0x40,tcp,alert,,HTTP Non RFC-Compliant Response Found(32880),any,informational,server-to-client
1,2011/01/25 14:16:00,0004C100832,THREAT,vulnerability,2,2011/01/25 14:15:55,193.189.142.32,212.253.42.85,192.168.0.12,212.253.42.85,Dis_Web_Server_erisim,,,web-browsing,vsys1,DMZ,Internet,ethernet1/1,ethernet1/4,,2011/01/25 14:16:00,109881,1,80,56042,80,56042,0x40,tcp,alert,,HTTP Non RFC-Compliant Response Found(32880),any,informational,server-to-client
1,2011/01/25 14:16:00,0004C100832,THREAT,vulnerability,2,2011/01/25 14:15:55,193.189.142.32,85.105.208.153,192.168.0.12,85.105.208.153,Dis_Web_Server_erisim,,,web-browsing,vsys1,DMZ,Internet,ethernet1/1,ethernet1/4,,2011/01/25 14:16:00,109212,1,80,3834,80,3834,0x40,tcp,alert,,HTTP Non RFC-Compliant Response Found(32880),any,informational,server-to-client
1,2011/01/25 14:16:00,0004C100832,THREAT,vulnerability,2,2011/01/25 14:15:55,193.189.142.32,85.108.171.17,192.168.0.12,85.108.171.17,Dis_Web_Server_erisim,,,web-browsing,vsys1,DMZ,Internet,ethernet1/1,ethernet1/4,,2011/01/25 14:16:00,105089,1,80,2102,80,2102,0x40,tcp,alert,,HTTP Non RFC-Compliant Response Found(32880),any,informational,server-to-client
1,2011/01/25 14:16:00,0004C100832,THREAT,vulnerability,2,2011/01/25 14:15:55,193.189.142.32,88.233.18.223,192.168.0.12,88.233.18.223,Dis_Web_Server_erisim,,,web-browsing,vsys1,DMZ,Internet,ethernet1/1,ethernet1/4,,2011/01/25 14:16:00,102638,1,80,2911,80,2911,0x40,tcp,alert,,HTTP Non RFC-Compliant Response Found(32880),any,informational,server-to-client
1,2011/01/25 14:16:00,0004C100832,THREAT,vulnerability,2,2011/01/25 14:15:55,193.189.142.32,95.173.243.32,192.168.0.12,95.173.243.32,Dis_Web_Server_erisim,,,web-browsing,vsys1,DMZ,Internet,ethernet1/1,ethernet1/4,,2011/01/25 14:16:00,100473,1,80,1678,80,1678,0x40,tcp,alert,,HTTP Non RFC-Compliant Response Found(32880),any,informational,server-to-client
1,2011/01/25 14:16:00,0004C100832,THREAT,vulnerability,2,2011/01/25 14:15:55,193.189.142.32,88.228.230.250,192.168.0.12,88.228.230.250,Dis_Web_Server_erisim,,,web-browsing,vsys1,DMZ,Internet,ethernet1/1,ethernet1/4,,2011/01/25 14:16:00,100794,1,80,12511,80,12511,0x40,tcp,alert,,HTTP Non RFC-Compliant Response Found(32880),any,informational,server-to-client
1,2011/01/25 14:16:00,0004C100832,THREAT,vulnerability,2,2011/01/25 14:15:55,193.189.142.32,95.7.39.150,192.168.0.12,95.7.39.150,Dis_Web_Server_erisim,,,web-browsing,vsys1,DMZ,Internet,ethernet1/1,ethernet1/4,,2011/01/25 14:16:00,89980,1,80,3586,80,3586,0x40,tcp,alert,,HTTP Non RFC-Compliant Response Found(32880),any,informational,server-to-client
1,2011/01/25 14:16:00,0004C100832,THREAT,vulnerability,2,2011/01/25 14:15:55,193.189.142.32,78.188.184.252,192.168.0.12,78.188.184.252,Dis_Web_Server_erisim,,,web-browsing,vsys1,DMZ,Internet,ethernet1/1,ethernet1/4,,2011/01/25 14:16:00,118725,1,80,37271,80,37271,0x40,tcp,alert,,HTTP Non RFC-Compliant Response Found(32880),any,informational,server-to-client
1,2011/01/25 14:16:00,0004C100832,THREAT,vulnerability,2,2011/01/25 14:15:55,193.189.142.32,88.247.108.250,192.168.0.12,88.247.108.250,Dis_Web_Server_erisim,,,web-browsing,vsys1,DMZ,Internet,ethernet1/1,ethernet1/4,,2011/01/25 14:16:00,92789,1,80,55979,80,55979,0x40,tcp,alert,,HTTP Non RFC-Compliant Response Found(32880),any,informational,server-to-client
1,2011/01/25 15:53:03,0004C100832,THREAT,vulnerability,2,2011/01/25 15:52:58,193.189.142.32,88.249.250.71,192.168.0.12,88.249.250.71,Dis_Web_Server_erisim,,,web-browsing,vsys1,DMZ,Internet,ethernet1/1,ethernet1/4,,2011/01/25 15:53:03,82584,2,80,13073,80,13073,0x40,tcp,alert,,HTTP Non RFC-Compliant Response Found(32880),any,informational,server-to-client
1,2011/01/25 15:53:10,0004C100832,THREAT,vulnerability,2,2011/01/25 15:53:05,193.189.142.32,88.249.250.71,192.168.0.12,88.249.250.71,Dis_Web_Server_erisim,,,web-browsing,vsys1,DMZ,Internet,ethernet1/1,ethernet1/4,,2011/01/25 15:53:10,116770,2,80,13228,80,13228,0x40,tcp,alert,,HTTP Non RFC-Compliant Response Found(32880),any,informational,server-to-client
1,2011/01/25 15:53:21,0004C100832,THREAT,vulnerability,2,2011/01/25 15:53:16,193.189.142.32,88.249.250.71,192.168.0.12,88.249.250.71,Dis_Web_Server_erisim,,,web-browsing,vsys1,DMZ,Internet,ethernet1/1,ethernet1/4,,2011/01/25 15:53:21,91647,3,80,13572,80,13572,0x40,tcp,alert,,HTTP Non RFC-Compliant Response Found(32880),any,informational,server-to-client
